date,open,high,low,close,pre_close,amount
2023-01-03,2339.981,2361.554,2312.309,2356.424,2346.767,9365845448
2023-01-04,2347.003,2352.334,2323.722,2335.122,2356.424,9027929966
2023-01-05,2343.782,2405.432,2343.715,2399.458,2335.122,8590783145
2023-01-06,2392.655,2442.235,2391.335,2422.141,2399.458,8557357302
2023-01-09,2433.346,2455.6,2427.807,2440.366,2422.141,7838829301
2023-01-10,2441.497,2478.895,2435.193,2474.005,2440.366,7200202658
2023-01-11,2470.639,2480.163,2442.734,2445.971,2474.005,7368472289
2023-01-12,2455.733,2477.012,2448.759,2458.494,2445.971,7012168046
2023-01-13,2475.137,2493.126,2462.874,2493.126,2458.494,6812683853
2023-01-16,2490.72,2566.686,2490.72,2539.521,2493.126,8338168785
2023-01-17,2540.566,2556.638,2535.18,2545.555,2539.521,6746136451
2023-01-18,2548.702,2555.685,2534.427,2543.896,2545.555,6716568410
2023-01-19,2539.891,2571.438,2531.956,2571.438,2543.896,7385281033
2023-01-20,2580.272,2588.89,2571.831,2585.963,2571.438,7728302294
2023-01-30,2657.393,2661.281,2611.129,2613.885,2585.963,12002957555
2023-01-31,2608.12,2618.282,2575.532,2580.839,2613.885,10462184695
2023-02-01,2592.449,2613.689,2572.333,2613.689,2580.839,12898655493
2023-02-02,2619.793,2631.858,2598.122,2602.316,2613.689,13660870209
2023-02-03,2592.843,2605.995,2551.826,2580.111,2602.316,12309943194
2023-02-06,2560.46,2560.46,2523.709,2544.091,2580.111,12652245075
2023-02-07,2551.133,2557.382,2522.546,2537.969,2544.091,13528086560
2023-02-08,2542.244,2550.375,2522.526,2525.877,2537.969,12710467882
2023-02-09,2520.83,2569.99,2515.51,2569.733,2525.877,13622555874
2023-02-10,2567.086,2571.198,2531.871,2545.156,2569.733,13819402899
2023-02-13,2546.145,2576.04,2540.847,2573.181,2545.156,13684963855
2023-02-14,2585.967,2586.181,2551.47,2565.155,2573.181,12597304069
2023-02-15,2564.54,2574.581,2543.635,2547.198,2565.155,14035388940
2023-02-16,2549.427,2567.293,2495.159,2512.499,2547.198,17575855302
2023-02-17,2508.259,2513.206,2449.351,2449.351,2512.499,13568793011
2023-02-20,2445.643,2481.572,2424.63,2480.794,2449.351,11768567908
2023-02-21,2473.599,2480.346,2452.84,2469.807,2480.794,11555069922
2023-02-22,2452.387,2470.495,2446.194,2451.898,2469.807,10386755698
2023-02-23,2450.962,2470.398,2446.413,2457.482,2451.898,10869528840
2023-02-24,2457.532,2458.291,2425.66,2428.936,2457.482,9577546158
2023-02-27,2416.428,2432.388,2403.655,2409.794,2428.936,9558140366
2023-02-28,2417.575,2432.323,2407.756,2429.027,2409.794,10090406363
2023-03-01,2428.1,2449.445,2415.947,2443.946,2429.027,13033677088
2023-03-02,2438.582,2442.191,2415.124,2418.598,2443.946,13129803749
2023-03-03,2423.672,2434.125,2405.296,2422.437,2418.598,11116052148
2023-03-06,2421.425,2435.902,2393.919,2431.556,2422.437,10438089211
2023-03-07,2423.026,2430.645,2383.504,2383.731,2431.556,11210705138
2023-03-08,2375.866,2390.066,2366.246,2377.584,2383.731,9392376272
2023-03-09,2377.975,2386.901,2365.862,2372.68,2377.584,11716153561
2023-03-10,2366.59,2388.612,2354.023,2370.358,2372.68,12766955112
2023-03-13,2359.721,2374.969,2345.989,2357.068,2370.358,12732621660
2023-03-14,2353.21,2356.896,2308.932,2343.11,2357.068,13650216657
2023-03-15,2359.222,2375.285,2335.594,2337.463,2343.11,11405070486
2023-03-16,2320.383,2333.311,2298.44,2302.049,2337.463,11679601424
2023-03-17,2320.198,2324.831,2289.28,2293.67,2302.049,14064456348
2023-03-20,2291.385,2317.636,2280.136,2291.918,2293.67,15012082724
2023-03-21,2298.281,2337.371,2298.281,2337.257,2291.918,13237525605
2023-03-22,2348.523,2358.63,2330.819,2341.923,2337.257,15933547604
2023-03-23,2330.981,2361.409,2327.386,2361.409,2341.923,14968263315
2023-03-24,2366.432,2373.774,2355.744,2370.38,2361.409,16502982145
2023-03-27,2363.007,2399.438,2363.007,2398.015,2370.38,17496042304
2023-03-28,2389.849,2389.919,2364.628,2369.172,2398.015,15132062682
2023-03-29,2371.298,2381.997,2367.382,2371.19,2369.172,13964539043
2023-03-30,2370.733,2384.959,2362.658,2383.038,2371.19,12673556322
2023-03-31,2386.861,2402.55,2385.415,2399.502,2383.038,13863571403
2023-04-03,2406.137,2442.967,2406.137,2440.207,2399.502,17961460494
2023-04-04,2441.427,2442.574,2407.484,2421.655,2440.207,18111865246
2023-04-06,2404.262,2428.801,2402.304,2426.567,2421.655,16454605846
2023-04-07,2421.751,2454.044,2421.061,2446.945,2426.567,15856176911
2023-04-10,2457.193,2461.297,2432.049,2443.521,2446.945,16629821707
2023-04-11,2449.272,2463.272,2426.666,2439.396,2443.521,14586941913
2023-04-12,2436.893,2440.327,2417.279,2429.293,2439.396,16391801027
2023-04-13,2418.271,2426.834,2403.916,2405.76,2429.293,17031968041
2023-04-14,2409.775,2432.363,2409.602,2428.09,2405.76,15252092627
2023-04-17,2420.012,2440.73,2420.012,2434.442,2428.09,13807013991
2023-04-18,2428.183,2443.771,2423.93,2431.1,2434.442,12992223709
2023-04-19,2429.327,2429.327,2413.336,2415.76,2431.1,13936065325
2023-04-20,2414.009,2414.009,2378.055,2386.674,2415.76,14935868912
2023-04-21,2393.192,2400.789,2340.615,2341.191,2386.674,16890525180
2023-04-24,2337.381,2340.259,2288.785,2301.238,2341.191,15142569558
2023-04-25,2302.859,2305.916,2243.833,2259.193,2301.238,17121368168
2023-04-26,2249.533,2306.658,2247.947,2294.057,2259.193,16782038060
2023-04-27,2283.632,2315.321,2281.603,2307.271,2294.057,15902928143
2023-04-28,2309.35,2328.887,2303.308,2324.715,2307.271,16734336991
2023-05-04,2316.333,2319.828,2290.917,2297.67,2324.715,16656855659
2023-05-05,2291.24,2293.837,2260.636,2267.632,2297.67,15149714053
2023-05-08,2274.717,2277.226,2251.772,2273.4,2267.632,14863441147
2023-05-09,2270.762,2277.288,2245.719,2245.823,2273.4,15436591364
2023-05-10,2241.436,2273.677,2228.18,2262.217,2245.823,13786573877
2023-05-11,2264.901,2296.451,2264.859,2276.571,2262.217,13473711858
2023-05-12,2277.423,2287.474,2251.757,2252.38,2276.571,12952243157
2023-05-15,2259.169,2299.93,2257.823,2299.93,2252.38,12893653253
2023-05-16,2300.796,2307.171,2286.228,2294.192,2299.93,12810385288
2023-05-17,2293.549,2300.287,2281.166,2293.644,2294.192,12606126188
2023-05-18,2299.63,2300.616,2264.836,2277.974,2293.644,14853035987
2023-05-19,2275.804,2293.098,2270.389,2278.585,2277.974,13478497432
2023-05-22,2278.708,2291.331,2265.756,2280.151,2278.585,12192369512
2023-05-23,2282.9,2284.075,2253.331,2253.331,2280.151,12429145774
2023-05-24,2245.471,2268.862,2239.898,2245.257,2253.331,12397701967
2023-05-25,2245.311,2257.221,2228.844,2244.184,2245.257,14087041055
2023-05-26,2244.342,2244.342,2215.286,2229.268,2244.184,13467485877
2023-05-29,2236.981,2238.401,2196.064,2203.842,2229.268,14588364342
2023-05-30,2200.801,2218.603,2180.7,2218.603,2203.842,15180316659
2023-05-31,2215.272,2215.492,2183.421,2193.408,2218.603,15019960872
2023-06-01,2191.801,2225.125,2184.916,2206.426,2193.408,16276989982
2023-06-02,2213.773,2240.566,2211.982,2233.275,2206.426,14717787286
2023-06-05,2226.203,2226.591,2195.663,2202.136,2233.275,13174330134
2023-06-06,2196.978,2197.576,2162.715,2164.811,2202.136,14725182078
2023-06-07,2159.163,2162.564,2124.525,2129.898,2164.811,12460510246
2023-06-08,2136.021,2139.959,2118.331,2123.961,2129.898,13006377710
2023-06-09,2122.16,2143.009,2118.792,2143.009,2123.961,14677846357
2023-06-12,2135.882,2162.528,2131.118,2152.422,2143.009,13905856012
2023-06-13,2148.395,2169.656,2147.563,2166.962,2152.422,14396900695
2023-06-14,2175.916,2177.804,2163.34,2163.34,2166.962,15104790067
2023-06-15,2174.535,2237.74,2174.535,2237.74,2163.34,15688835762
2023-06-16,2243.537,2272.016,2234.476,2270.064,2237.74,15089014482
2023-06-19,2271.762,2276.557,2257.638,2265.185,2270.064,15820729854
2023-06-20,2264.183,2277.33,2257.878,2271.419,2265.185,15920109936
2023-06-21,2260.505,2266.76,2211.836,2211.836,2271.419,15334703647
2023-06-26,2185.149,2212.412,2171.586,2186.253,2211.836,14025332828
2023-06-27,2186.161,2205.563,2179.317,2191.828,2186.253,11707618072
2023-06-28,2184.989,2189.02,2160.193,2182.095,2191.828,13528544152
2023-06-29,2178.882,2194.251,2178.434,2180.063,2182.095,12721122456
2023-06-30,2178.533,2227.995,2171.42,2215.001,2180.063,13127743372
2023-07-03,2223.33,2239.432,2215.357,2228.211,2215.001,13838138250
2023-07-04,2222.327,2234.865,2215.766,2232.75,2228.211,12580122063
2023-07-05,2235.2,2239.928,2209.106,2212.415,2232.75,12173545268
2023-07-06,2206.301,2218.394,2190.031,2192.187,2212.415,11618302561
2023-07-07,2185.725,2186.037,2169.208,2169.208,2192.187,11635878329
2023-07-10,2174.332,2213.761,2174.332,2198.865,2169.208,10855577184
2023-07-11,2202.934,2217.657,2194.166,2216.779,2198.865,10886495905
2023-07-12,2216.03,2217.75,2194.614,2196.852,2216.779,13145050923
2023-07-13,2208.224,2238.674,2208.224,2237.515,2196.852,13082841402
2023-07-14,2237.245,2239.425,2221.785,2224.096,2237.515,13522733370
2023-07-17,2212.763,2214.425,2198.266,2207.445,2224.096,11960954534
2023-07-18,2215.054,2215.249,2196.229,2200.619,2207.445,11126196053
2023-07-19,2196.588,2201.43,2170.33,2177.247,2200.619,10238138921
2023-07-20,2180.714,2199.642,2153.978,2155.647,2177.247,11705385323
2023-07-21,2151.851,2177.801,2151.066,2163.117,2155.647,11059380066
2023-07-24,2148.286,2167.188,2142.909,2146.929,2163.117,9213966195
2023-07-25,2183.047,2195.751,2169.723,2192.897,2146.929,11841621869
2023-07-26,2185.811,2194.539,2180.204,2191.169,2192.897,11515585465
2023-07-27,2199.481,2205.716,2180.693,2184.096,2191.169,11108492257
2023-07-28,2176.486,2224.027,2172.372,2219.538,2184.096,12456779083
2023-07-31,2233.264,2256.054,2230.134,2236.673,2219.538,14374011873
2023-08-01,2234.615,2249.384,2215.577,2223.796,2236.673,12434389881
2023-08-02,2220.77,2231.868,2213.041,2218.565,2223.796,10590645699
2023-08-03,2214.088,2242.573,2214.088,2241.983,2218.565,10335933479
2023-08-04,2263.404,2282.648,2247.9,2263.373,2241.983,13503220959
2023-08-07,2252.435,2255.999,2234.041,2240.775,2263.373,12109259390
2023-08-08,2238.663,2244.897,2226.239,2228.909,2240.775,11434137582
2023-08-09,2222.51,2241.874,2222.51,2228.731,2228.909,11321718205
2023-08-10,2226.913,2241.85,2220.832,2239.306,2228.731,10240798460
2023-08-11,2241.481,2241.481,2187.036,2187.036,2239.306,10873884438
2023-08-14,2163.28,2170.221,2139.973,2164.693,2187.036,10204748274
2023-08-15,2164.82,2171.564,2130.382,2148.674,2164.693,10008744870
2023-08-16,2140.006,2158.004,2132.888,2132.969,2148.674,10059962851
2023-08-17,2130.54,2151.227,2113.304,2147.061,2132.969,10862412231
2023-08-18,2145.796,2156.173,2118.925,2118.925,2147.061,11352980757
2023-08-21,2108.7,2115.02,2084.969,2084.969,2118.925,9967575162
2023-08-22,2099.842,2104.736,2049.091,2086.941,2084.969,12229244318
2023-08-23,2081.214,2081.214,2038.976,2038.976,2086.941,11059923832
2023-08-24,2050.534,2083.644,2042.58,2064.573,2038.976,12847744839
2023-08-25,2053.648,2059.149,2032.582,2040.399,2064.573,13771607667
2023-08-28,2182.386,2182.386,2055.61,2060.044,2040.399,17146028935
2023-08-29,2054.976,2133.597,2054.976,2118.194,2060.044,16568480189
2023-08-30,2122.649,2141.599,2110.874,2117.125,2118.194,15849456755
2023-08-31,2111.021,2117.402,2100.727,2102.575,2117.125,12543690469
2023-09-01,2108.077,2118.511,2093.099,2100.258,2102.575,10802689501
2023-09-04,2110.169,2120.977,2088.994,2118.034,2100.258,12036186344
2023-09-05,2113.595,2122.624,2107.861,2111.327,2118.034,12931906318
2023-09-06,2103.297,2105.1,2089.453,2101.398,2111.327,13477980827
2023-09-07,2096.615,2097.284,2056.98,2056.98,2101.398,13767550881
2023-09-08,2047.6,2057.123,2038.571,2049.765,2056.98,13078741309
2023-09-11,2048.95,2076.903,2041.765,2063.189,2049.765,13859328746
2023-09-12,2060.62,2063.925,2049.482,2051.039,2063.189,12153079334
2023-09-13,2045.314,2053.455,2015.394,2027.729,2051.039,12360496945
2023-09-14,2021.597,2024.859,2002.431,2011.883,2027.729,11042111423
2023-09-15,2009.327,2022.944,1996.122,2002.728,2011.883,10671293395
2023-09-18,1994.868,2033.146,1993.679,2020.467,2002.728,10542289060
2023-09-19,2017.89,2017.89,1995.241,2002.665,2020.467,9906011077
2023-09-20,2000.719,2001.504,1987.296,1987.296,2002.665,9033460418
2023-09-21,1983.02,1990.328,1967.607,1967.607,1987.296,9224867867
2023-09-22,1965.692,2013.955,1963.233,2013.344,1967.607,11925254760
2023-09-25,2015.316,2015.316,2000.812,2005.255,2013.344,11748422109
2023-09-26,2000.231,2007.91,1989.65,1989.828,2005.255,11087291796
2023-09-27,1994.013,2027.818,1990.158,2006.224,1989.828,11658266128
2023-09-28,2013.621,2019.287,1995.559,2003.908,2006.224,12042498547
2023-10-09,2000.134,2006.428,1977.774,1998.607,2003.908,13415318503
2023-10-10,2004.947,2014.297,1987.351,1987.938,1998.607,13974544945
2023-10-11,2000.515,2021.107,1996.82,2003.902,1987.938,14837112333
2023-10-12,2015.546,2022.361,2001.906,2019.102,2003.902,13624705064
2023-10-13,2004.205,2005.719,1986.188,1996.601,2019.102,14113785571
2023-10-16,1993.907,1994.264,1949.326,1956.723,1996.601,14035802335
2023-10-17,1963.828,1969.47,1950.332,1961.886,1956.723,12895399921
2023-10-18,1952.996,1952.996,1934.844,1938.435,1961.886,13083268125
2023-10-19,1925.533,1936.216,1913.425,1913.702,1938.435,13424396822
2023-10-20,1899.985,1922.933,1893.95,1896.946,1913.702,12406771529
2023-10-23,1891.485,1891.485,1854.445,1864.909,1896.946,12623196366
2023-10-24,1872.291,1890.099,1859.864,1880.814,1864.909,13651282901
2023-10-25,1890.484,1894.535,1863.768,1863.796,1880.814,15174534645
2023-10-26,1851.193,1877.448,1840.258,1875.858,1863.796,15525630401
2023-10-27,1868.226,1937.313,1863.527,1929.909,1875.858,17262581242
2023-10-30,1933.789,1983.465,1931.701,1977.686,1929.909,16898044614
2023-10-31,1974.8,1975.395,1958.352,1968.226,1977.686,15886551014
2023-11-01,1969.078,1971.413,1949.994,1959.127,1968.226,13878258170
2023-11-02,1964.43,1973.229,1939.412,1939.705,1959.127,14562587936
2023-11-03,1943.214,1975.52,1943.214,1968.213,1939.705,14749044984
2023-11-06,1984.332,2034.569,1984.332,2032.335,1968.213,17563397496
2023-11-07,2025.103,2031.792,2012.058,2022.766,2032.335,17347538162
2023-11-08,2016.603,2035.911,2010.019,2023.13,2022.766,19609419055
2023-11-09,2019.686,2035.423,2013.509,2018.385,2023.13,17429252930
2023-11-10,2006.087,2011.933,2000.489,2005.235,2018.385,14476367375
2023-11-13,2018.827,2022.845,1998.024,2009.214,2005.235,15452093409
2023-11-14,2008.293,2024.656,1995.761,2004.813,2009.214,15463688481
2023-11-15,2032.262,2033.389,2008.482,2015.364,2004.813,16340058140
2023-11-16,2012.198,2012.198,1978.118,1978.118,2015.364,15328492208
2023-11-17,1971.223,1986.665,1971.223,1986.526,1978.118,14370069570
2023-11-20,1987.854,1998.098,1969.919,1992.97,1986.526,16206868841
2023-11-21,2001.069,2014.594,1981.285,1984.271,1992.97,17801649357
2023-11-22,1973.661,1980.015,1950.008,1950.008,1984.271,15677683710
2023-11-23,1945.901,1961.351,1940.209,1961.351,1950.008,13784032325
2023-11-24,1960.376,1960.376,1935.002,1937.94,1961.351,14548033528
2023-11-27,1936.612,1936.612,1916.55,1926.201,1937.94,13546900938
2023-11-28,1923.357,1938.729,1918.352,1938.423,1926.201,12460617446
2023-11-29,1934.554,1937.848,1917.219,1917.903,1938.423,12125665201
2023-11-30,1915.045,1932.826,1912.172,1922.591,1917.903,12259673144
2023-12-01,1922.37,1934.091,1904.646,1926.284,1922.591,13843008829
2023-12-04,1923.216,1926.166,1908.534,1908.917,1926.284,14136931440
2023-12-05,1900.986,1905.728,1870.982,1871.096,1908.917,13180136733
2023-12-06,1867.5,1898.601,1866.904,1881.942,1871.096,13390051194
2023-12-07,1877.032,1888.751,1864.237,1877.212,1881.942,13614396985
2023-12-08,1881.104,1896.78,1870.882,1892.178,1877.212,14816516950
2023-12-11,1880.578,1919.835,1866.093,1915.737,1892.178,13483863870
2023-12-12,1909.598,1913.292,1899.564,1903.871,1915.737,12145861102
2023-12-13,1899.339,1899.934,1871.775,1872.341,1903.871,11899321429
2023-12-14,1884.546,1895.599,1859.249,1860.513,1872.341,11178664619
2023-12-15,1869.514,1877.775,1844.181,1848.501,1860.513,10765898804
2023-12-18,1839.316,1845.969,1814.93,1819.995,1848.501,10105358970
2023-12-19,1818.875,1837.944,1813.601,1827.672,1819.995,9312253514
2023-12-20,1830.721,1832.313,1802.355,1802.881,1827.672,10059199471
2023-12-21,1795.274,1840.965,1792.376,1832.616,1802.881,11119992895
2023-12-22,1827.684,1848.317,1812.765,1825.842,1832.616,13002559204
2023-12-25,1820.252,1838.129,1820.22,1831.569,1825.842,9261320156
2023-12-26,1828.559,1829.871,1801.379,1808.5,1831.569,9464989954
2023-12-27,1813.053,1818.05,1796.695,1809.832,1808.5,9551734737
2023-12-28,1806.787,1887.147,1804.697,1879.496,1809.832,12170714103
2023-12-29,1879.535,1897.672,1878.042,1891.366,1879.496,12243719957
2024-01-02,1889.023,1889.023,1855.727,1855.922,1891.366,11595394570
2024-01-03,1850.161,1856.439,1825.545,1834.732,1855.922,10753667822
2024-01-04,1831.295,1831.383,1794.002,1801.761,1834.732,9399127020
2024-01-05,1798.817,1815.073,1765.724,1775.577,1801.761,10169629728
2024-01-08,1769.325,1779.378,1744.238,1744.411,1775.577,8996973808
2024-01-09,1749.765,1774.319,1737.995,1750.775,1744.411,9976519251
2024-01-10,1741.126,1771.68,1726.556,1743.198,1750.775,9860194078
2024-01-11,1744.301,1790.327,1739.158,1777.272,1743.198,10495536571
2024-01-12,1770.968,1785.513,1760.875,1761.16,1777.272,10231773981
2024-01-15,1751.524,1766.258,1738.543,1745.609,1761.16,8619686304
2024-01-16,1741.368,1755.384,1724.636,1752.23,1745.609,9626025853
2024-01-17,1747.772,1747.772,1699.62,1699.62,1752.23,8629963845
2024-01-18,1685.937,1735.092,1678.434,1732.358,1699.62,12094122741
2024-01-19,1726.547,1743.302,1714.507,1715.436,1732.358,9410327742
2024-01-22,1710.29,1714.928,1657.354,1666.88,1715.436,11773259633
2024-01-23,1663.982,1700.568,1655.203,1687.614,1666.88,10646550151
2024-01-24,1696.561,1700.774,1642.163,1696.188,1687.614,11423779821
2024-01-25,1686.547,1720.851,1672.068,1720.783,1696.188,12286814240
2024-01-26,1703.475,1714.534,1679.341,1682.478,1720.783,11735174665
2024-01-29,1680.15,1685.602,1623.812,1623.812,1682.478,11052971075
2024-01-30,1613.463,1631.529,1582.422,1583.771,1623.812,9533713989
2024-01-31,1585.214,1601.887,1573.164,1573.372,1583.771,13011629546
2024-02-01,1567.832,1616.402,1563.377,1589.037,1573.372,11866309271
2024-02-02,1585.957,1595.983,1512.062,1550.374,1589.037,13968097378
2024-02-05,1534.189,1600.33,1482.986,1562.61,1550.374,18479132936
2024-02-06,1544.96,1668.892,1544.497,1667.445,1562.61,18371612237
2024-02-07,1663.177,1711.417,1658.465,1707.02,1667.445,18908813242
2024-02-08,1716.628,1764.391,1713.769,1726.859,1707.02,19233788192
2024-02-19,1752.863,1752.863,1722.839,1746.422,1726.859,18244883321
2024-02-20,1739.035,1749.27,1722.491,1746.176,1746.422,14786814760
2024-02-21,1728.452,1783.812,1724.291,1752.478,1746.176,17750909315
2024-02-22,1752.793,1761.121,1742.145,1757.869,1752.478,15624221446
2024-02-23,1766.957,1767.263,1742.492,1758.193,1757.869,18445976150
2024-02-26,1752.756,1768.095,1738.334,1751.703,1758.193,19243744760
2024-02-27,1743.49,1793.979,1740.833,1793.979,1751.703,18662735211
2024-02-28,1799.608,1829.143,1748.97,1748.97,1793.979,26146093654
2024-02-29,1739.973,1809.663,1739.973,1807.034,1748.97,18685982719
2024-03-01,1808.196,1830.939,1795.851,1824.035,1807.034,17922315519
2024-03-04,1827.129,1847.247,1817.659,1834.833,1824.035,17918212765
2024-03-05,1818.594,1843.08,1813.266,1833.661,1834.833,17027583967
2024-03-06,1822.539,1855.613,1810.898,1832.58,1833.661,15030689911
2024-03-07,1830.258,1838.714,1789.866,1789.936,1832.58,16477103214
2024-03-08,1793.511,1813.099,1779.768,1807.294,1789.936,13711512013
2024-03-11,1817.072,1890.869,1812.786,1890.41,1807.294,16052989215
2024-03-12,1896.451,1915.094,1885.639,1906.037,1890.41,18520382127
2024-03-13,1911.981,1911.981,1890.658,1895.147,1906.037,18174546447
2024-03-14,1895.726,1912.113,1870.016,1883.021,1895.147,16397645489
2024-03-15,1877.569,1886.951,1848.224,1884.088,1883.021,14867233884
2024-03-18,1906.116,1926.396,1902.133,1926.396,1884.088,17879297720
2024-03-19,1917.921,1925.695,1906.938,1906.938,1926.396,17310343538
2024-03-20,1898.184,1915.465,1897.6,1909.245,1906.938,17306347600
2024-03-21,1912.809,1920.554,1897.047,1897.094,1909.245,18896118564
2024-03-22,1893.14,1897.308,1860.354,1869.175,1897.094,20089479157
2024-03-25,1864.532,1871.064,1833.103,1833.441,1869.175,17940217662
2024-03-26,1832.655,1856.204,1829.477,1841.535,1833.441,16373693927
2024-03-27,1840.193,1840.193,1789.819,1789.819,1841.535,16045045839
2024-03-28,1790.58,1829.473,1787.964,1806.897,1789.819,16655723446
2024-03-29,1806.672,1822.749,1800.203,1818.203,1806.897,15479127806
2024-04-01,1833.492,1872.118,1833.492,1872.118,1818.203,16204739569
2024-04-02,1869.323,1869.958,1851.25,1860.494,1872.118,16803084174
2024-04-03,1853.558,1853.872,1839.206,1840.412,1860.494,15206556459
2024-04-08,1834.453,1840.55,1807.048,1807.048,1840.412,14132602171
2024-04-09,1807.478,1827.676,1801.708,1827.579,1807.048,12354462173
2024-04-10,1818.405,1818.734,1781.13,1789.941,1827.579,13471646126
2024-04-11,1777.201,1799.86,1775.659,1782.085,1789.941,12646914814
2024-04-12,1780.99,1789.274,1760.944,1762.877,1782.085,12482530622
2024-04-15,1770.172,1807.947,1770.172,1795.518,1762.877,16822171379
2024-04-16,1783.571,1791.299,1759.513,1760.2,1795.518,17282640060
2024-04-17,1765.286,1797.552,1765.286,1797.311,1760.2,15999022061
2024-04-18,1784.782,1807.785,1765.699,1787.489,1797.311,14937289504
2024-04-19,1772.181,1775.376,1740.401,1756.001,1787.489,13955355741
2024-04-22,1739.007,1766.25,1735.284,1750.463,1756.001,13205454536
2024-04-23,1753.584,1764.774,1740.791,1753.161,1750.463,12954919613
2024-04-24,1757.311,1768.238,1744.36,1765.41,1753.161,15021662250
2024-04-25,1753.122,1778.799,1747.819,1764.727,1765.41,15140572110
2024-04-26,1767.722,1826.49,1767.722,1823.741,1764.727,18437565817
2024-04-29,1831.444,1904.915,1831.444,1887.571,1823.741,18674546038
2024-04-30,1874.68,1878.833,1857.764,1858.393,1887.571,16218072129
2024-05-06,1896.841,1907.021,1889.782,1895.208,1858.393,16104046487
2024-05-07,1896.725,1900.944,1888.256,1892.539,1895.208,16471867387
2024-05-08,1887.824,1887.824,1863.216,1865.108,1892.539,16594153850
2024-05-09,1872.704,1903.112,1872.704,1900.009,1865.108,15827582253
2024-05-10,1899.051,1900.1,1872.071,1878.165,1900.009,16349720405
2024-05-13,1859.344,1876.172,1851.255,1860.366,1878.165,14880197328
2024-05-14,1864.385,1873.138,1851.386,1855.598,1860.366,14787392460
2024-05-15,1857.576,1866.413,1837.541,1838.887,1855.598,14005874948
2024-05-16,1846.978,1861.378,1837.016,1844.211,1838.887,14706886495
2024-05-17,1838.985,1865.898,1833.434,1864.939,1844.211,14978956207
2024-05-20,1869.545,1887.054,1865.881,1875.928,1864.939,15627754641
2024-05-21,1871.779,1873.087,1855.437,1861.481,1875.928,13908143458
2024-05-22,1863.141,1883.174,1855.254,1877.927,1861.481,13846886278
2024-05-23,1876.561,1879.621,1847.695,1852.067,1877.927,15226521460
2024-05-24,1845.013,1861.93,1818.137,1818.562,1852.067,13962533376
2024-05-27,1824.165,1832.819,1802.766,1830.958,1818.562,13643321884
2024-05-28,1824.087,1827.744,1805.649,1806.255,1830.958,13448761908
2024-05-29,1808.485,1832.715,1804.111,1811.068,1806.255,13186561325
2024-05-30,1810.657,1820.294,1805.349,1813.155,1811.068,12900486553
2024-05-31,1812.612,1831.715,1805.109,1805.109,1813.155,14076725088
2024-06-03,1806.409,1823.511,1800.198,1819.455,1805.109,15195340795
2024-06-04,1816.368,1848.56,1815.072,1843.592,1819.455,14882948572
2024-06-05,1840.079,1858.686,1833.55,1833.55,1843.592,13599889062
2024-06-06,1840.246,1845.545,1815.278,1820.448,1833.55,17243187186
2024-06-07,1812.456,1820.74,1764.836,1781.07,1820.448,13311703706
2024-06-11,1766.915,1791.001,1761.584,1787.302,1781.07,12264814457
2024-06-12,1779.318,1789.411,1778.128,1779.418,1787.302,12699954646
2024-06-13,1786.105,1799.09,1776.081,1777.791,1779.418,12865666470
2024-06-14,1777.275,1792.805,1758.889,1791.362,1777.791,12908181077
2024-06-17,1780.936,1810.999,1780.513,1806.193,1791.362,12176203484
2024-06-18,1805.159,1822.115,1802.626,1811.365,1806.193,13548671185
2024-06-19,1816.06,1816.06,1788.173,1788.496,1811.365,13959257786
2024-06-20,1787.236,1793.707,1761.646,1762.701,1788.496,14096549044
2024-06-21,1756.671,1762.431,1742.466,1755.876,1762.701,11278193341
2024-06-24,1745.929,1755.523,1729.099,1731.515,1755.876,13220553075
2024-06-25,1724.64,1729.215,1691.018,1700.025,1731.515,12086114180
2024-06-26,1700.949,1733.792,1696.125,1730.642,1700.025,13478273980
2024-06-27,1719.778,1720.997,1702.241,1703.201,1730.642,13043601003
2024-06-28,1696.937,1720.945,1680.418,1683.43,1703.201,13731158784
2024-07-01,1679.662,1689.545,1652.01,1682.692,1683.43,12171740773
2024-07-02,1677.669,1683.847,1660.317,1665.035,1682.692,13335516390
2024-07-03,1664.986,1675.647,1648.245,1660.124,1665.035,13256222325
2024-07-04,1666.393,1674.752,1647.22,1647.22,1660.124,12760170228
2024-07-05,1648.739,1662.316,1631.886,1655.594,1647.22,12151214588
2024-07-08,1651.641,1652.193,1624.549,1628.758,1655.594,12064389899
2024-07-09,1625.522,1660.33,1614.605,1652.117,1628.758,14080741517
2024-07-10,1642.861,1668.09,1641.838,1651.11,1652.117,12740341289
2024-07-11,1673.54,1694.776,1658.957,1685.118,1651.11,15098192426
2024-07-12,1680.14,1692.889,1672.666,1683.629,1685.118,12705191814
2024-07-15,1674.887,1679.882,1665.338,1673.007,1683.629,11370609493
2024-07-16,1671.921,1697.136,1671.31,1696.336,1673.007,11181285514
2024-07-17,1691.947,1707.613,1684.942,1696.451,1696.336,11854099545
2024-07-18,1680.339,1718.821,1678.56,1717.709,1696.451,12328013997
2024-07-19,1706.843,1731.126,1706.58,1725.487,1717.709,11280441171
2024-07-22,1729.28,1735.601,1713.373,1723.914,1725.487,11673481560
2024-07-23,1721.935,1722.077,1671.443,1671.443,1723.914,12922282902
2024-07-24,1666.621,1682.963,1645.753,1650.908,1671.443,12561957278
2024-07-25,1641.682,1658.135,1638.54,1644.454,1650.908,11316775740
2024-07-26,1649.345,1670.214,1646.634,1659.534,1644.454,12060189919
2024-07-29,1653.39,1653.39,1634.509,1635.675,1659.534,12577995572
2024-07-30,1629.181,1637.21,1621.935,1630.951,1635.675,12773299236
2024-07-31,1623.038,1689.491,1623.038,1688.142,1630.951,17672251086
2024-08-01,1690.219,1694.591,1663.075,1665.973,1688.142,15298802052
2024-08-02,1649.843,1671.357,1635.436,1638.304,1665.973,15257143384
2024-08-05,1621.188,1656.09,1607.245,1607.288,1638.304,16097551749
2024-08-06,1628.116,1638.48,1612.0,1627.355,1607.288,13507272870
2024-08-07,1624.063,1632.645,1618.394,1620.332,1627.355,12727404830
2024-08-08,1611.262,1628.665,1598.679,1611.509,1620.332,14073768007
2024-08-09,1621.841,1628.531,1595.642,1595.642,1611.509,12539816046
2024-08-12,1596.414,1601.855,1589.093,1592.394,1595.642,12420184301
2024-08-13,1592.045,1607.258,1587.515,1607.186,1592.394,11227549358
2024-08-14,1606.441,1606.441,1584.328,1584.328,1607.186,12325859700
2024-08-15,1581.152,1608.95,1581.051,1592.71,1584.328,16188800156
2024-08-16,1594.509,1603.427,1587.407,1591.461,1592.71,17259018255
2024-08-19,1589.207,1608.266,1588.218,1589.287,1591.461,16360910075
2024-08-20,1590.173,1591.876,1565.432,1567.969,1589.287,16325108843
2024-08-21,1561.242,1572.472,1556.933,1558.512,1567.969,14611810028
2024-08-22,1559.683,1563.373,1544.906,1546.631,1558.512,14958498183
2024-08-23,1540.516,1555.007,1537.777,1546.903,1546.631,14001973082
2024-08-26,1550.045,1557.91,1540.521,1545.309,1546.903,13671934462
2024-08-27,1537.813,1541.928,1526.607,1530.744,1545.309,13375474868
2024-08-28,1526.669,1534.541,1522.484,1531.45,1530.744,12354308359
2024-08-29,1512.371,1551.54,1512.171,1541.4,1531.45,14384968169
2024-08-30,1543.894,1601.156,1543.894,1580.459,1541.4,20172685031
2024-09-02,1577.445,1581.869,1536.526,1536.95,1580.459,16141459575
2024-09-03,1533.572,1561.857,1533.458,1556.321,1536.95,13875033581
2024-09-04,1541.899,1569.885,1540.172,1554.64,1556.321,13745138843
2024-09-05,1554.876,1576.029,1554.876,1564.723,1554.64,13712346630
2024-09-06,1564.325,1566.573,1537.377,1538.072,1564.723,13927089557
2024-09-09,1528.649,1547.733,1526.235,1539.038,1538.072,11787366444
2024-09-10,1540.211,1551.606,1522.876,1539.98,1539.038,12668053938
2024-09-11,1539.846,1563.088,1535.619,1558.328,1539.98,11282658764
2024-09-12,1566.403,1577.168,1551.026,1551.814,1558.328,12533016087
2024-09-13,1552.276,1556.664,1535.168,1535.168,1551.814,12595297080
2024-09-18,1533.382,1540.075,1522.544,1533.473,1535.168,11423468414
2024-09-19,1543.316,1565.215,1520.723,1546.474,1533.473,13386709183
2024-09-20,1546.775,1546.775,1525.682,1536.599,1546.474,13005681067
2024-09-23,1538.055,1548.409,1528.941,1530.506,1536.599,12212558465
2024-09-24,1545.904,1616.068,1532.523,1615.322,1530.506,19589835818
2024-09-25,1652.828,1679.639,1639.681,1641.542,1615.322,23754106140
2024-09-26,1638.526,1716.011,1625.662,1714.144,1641.542,22617304308
2024-09-27,1751.328,1919.785,1751.328,1885.489,1714.144,33188171307
2024-09-30,1994.262,2182.388,1966.338,2175.086,1885.489,47832140201
2024-10-08,2576.217,2576.217,2336.442,2550.276,2175.086,56839521878
2024-10-09,2426.752,2514.292,2278.817,2280.096,2550.276,51701779133
2024-10-10,2291.218,2327.598,2181.078,2212.909,2280.096,37074805462
2024-10-11,2173.71,2191.402,2066.577,2100.871,2212.909,30804840178
2024-10-14,2119.385,2163.274,2062.446,2155.403,2100.871,30482202800
2024-10-15,2139.647,2175.952,2085.818,2085.986,2155.403,34056216175
2024-10-16,2037.744,2081.324,2026.52,2039.95,2085.986,27926126959
2024-10-17,2057.96,2081.087,2031.987,2033.484,2039.95,31179201120
2024-10-18,2027.653,2273.0,2027.65,2195.101,2033.484,39406378593
2024-10-21,2211.395,2266.602,2182.233,2210.335,2195.101,42219073081
2024-10-22,2205.399,2226.931,2179.998,2216.99,2210.335,39349104358
2024-10-23,2202.824,2252.521,2186.176,2205.302,2216.99,36403964616
2024-10-24,2187.244,2203.021,2168.241,2175.095,2205.302,28183098746
2024-10-25,2190.393,2277.168,2180.221,2238.897,2175.095,32225560476
2024-10-28,2228.078,2236.472,2198.886,2229.118,2238.897,34613942538
2024-10-29,2231.824,2239.261,2175.813,2177.306,2229.118,37191939721
2024-10-30,2156.277,2179.944,2127.633,2151.515,2177.306,32752214838
2024-10-31,2145.655,2204.859,2130.268,2164.462,2151.515,37166478672
2024-11-01,2149.938,2166.521,2120.725,2123.738,2164.462,37280387113
2024-11-04,2122.98,2187.378,2122.98,2185.984,2123.738,25473410944
2024-11-05,2184.905,2301.995,2172.524,2289.841,2185.984,35083710675
2024-11-06,2290.671,2360.881,2247.038,2265.833,2289.841,40303017712
2024-11-07,2244.959,2350.76,2240.246,2350.76,2265.833,40590422345
2024-11-08,2396.868,2402.379,2317.509,2321.587,2350.76,41376921103
2024-11-11,2298.619,2393.578,2296.323,2392.443,2321.587,37752959789
2024-11-12,2416.211,2448.201,2362.566,2390.803,2392.443,37875415778
2024-11-13,2367.163,2427.156,2345.064,2417.252,2390.803,29980905784
2024-11-14,2411.291,2419.686,2331.68,2334.964,2417.252,27078868842
2024-11-15,2318.936,2338.557,2243.62,2243.62,2334.964,28933089995
2024-11-18,2244.323,2254.922,2173.184,2190.95,2243.62,28351839960
2024-11-19,2200.133,2261.587,2173.454,2256.607,2190.95,24419950118
2024-11-20,2242.599,2283.748,2239.769,2267.855,2256.607,28868125257
2024-11-21,2254.269,2281.16,2248.382,2265.866,2267.855,28232062686
2024-11-22,2257.951,2269.265,2175.571,2175.571,2265.866,30157172820
2024-11-25,2184.103,2193.679,2140.476,2175.184,2175.571,25157590775
2024-11-26,2163.374,2187.12,2148.137,2150.097,2175.184,23317980536
2024-11-27,2136.707,2209.158,2119.535,2208.781,2150.097,25800697149
2024-11-28,2204.49,2206.848,2165.526,2169.803,2208.781,27639980338
2024-11-29,2162.522,2264.679,2162.522,2224.003,2169.803,30288030089
2024-12-02,2212.359,2261.144,2210.856,2255.498,2224.003,31135009017
2024-12-03,2252.754,2261.39,2224.692,2245.499,2255.498,30648110660
2024-12-04,2237.649,2246.039,2204.39,2213.406,2245.499,28994212352
2024-12-05,2207.499,2237.088,2207.499,2221.457,2213.406,27006383776
2024-12-06,2219.908,2289.809,2213.324,2267.064,2221.457,31585392646
2024-12-09,2265.188,2273.081,2229.514,2248.627,2267.064,27528875410
2024-12-10,2358.288,2358.485,2258.019,2264.051,2248.627,36836534310
2024-12-11,2260.7,2278.788,2251.354,2261.582,2264.051,29492675354
2024-12-12,2257.308,2302.644,2256.065,2292.145,2261.582,30842059067
2024-12-13,2272.266,2276.127,2234.17,2235.259,2292.145,32853797101
2024-12-16,2232.625,2234.186,2192.252,2201.532,2235.259,27378793388
2024-12-17,2197.126,2233.172,2197.126,2201.181,2201.532,24875348055
2024-12-18,2207.182,2216.003,2192.597,2202.137,2201.181,21648147554
2024-12-19,2178.463,2220.433,2174.943,2213.543,2202.137,22171926117
2024-12-20,2209.375,2234.132,2201.941,2209.662,2213.543,23004927410
2024-12-23,2205.69,2223.637,2185.353,2187.945,2209.662,24553877043
2024-12-24,2190.469,2215.192,2187.78,2213.548,2187.945,20096640612
2024-12-25,2215.612,2216.357,2187.0,2201.296,2213.548,20386810044
2024-12-26,2200.319,2219.693,2193.588,2209.846,2201.296,18443646699
2024-12-27,2209.71,2235.556,2196.294,2204.896,2209.846,20751352939
2024-12-30,2198.865,2218.735,2198.125,2206.285,2204.896,18720146002
2024-12-31,2202.181,2207.311,2141.596,2141.596,2206.285,19942841348
2025-01-02,2136.922,2137.655,2040.379,2060.442,2141.596,19658739481
2025-01-03,2062.403,2067.409,2015.963,2015.967,2060.442,20606491210
2025-01-06,2018.246,2033.268,2000.861,2014.19,2015.967,16937561223
2025-01-07,1996.0,2028.751,1988.418,2028.358,2014.19,16857052855
2025-01-08,2011.749,2029.023,1963.806,2008.444,2028.358,19552783864
2025-01-09,1994.81,2025.306,1994.705,2010.66,2008.444,17424480759
2025-01-10,2006.553,2024.427,1975.305,1975.305,2010.66,17838400517
2025-01-13,1953.886,1998.499,1953.82,1982.459,1975.305,15228846338
2025-01-14,1989.387,2076.957,1979.139,2075.756,1982.459,22702105762
2025-01-15,2064.476,2064.476,2032.574,2037.933,2075.756,19544928930
2025-01-16,2051.095,2084.226,2029.816,2051.351,2037.933,20389955076
2025-01-17,2041.71,2083.202,2041.581,2067.275,2051.351,17088596065
2025-01-20,2090.143,2118.738,2090.066,2104.728,2067.275,17727429544
2025-01-21,2125.067,2125.067,2090.318,2112.39,2104.728,18250885130
2025-01-22,2103.832,2110.897,2081.075,2101.035,2112.39,16566266634
2025-01-23,2125.295,2151.477,2093.313,2093.313,2101.035,21026825667
2025-01-24,2084.134,2131.554,2084.134,2121.839,2093.313,20005142639
2025-01-27,2119.169,2123.148,2063.82,2063.82,2121.839,17752012165
2025-02-05,2082.991,2083.007,2054.371,2062.923,2063.82,20436803597
2025-02-06,2059.449,2120.788,2056.179,2120.745,2062.923,24897390222
2025-02-07,2127.136,2200.102,2122.348,2174.351,2120.745,30839799873
2025-02-10,2183.78,2188.128,2156.755,2183.877,2174.351,27995065882
2025-02-11,2182.909,2182.909,2150.473,2152.732,2183.877,26647704858
2025-02-12,2144.727,2194.103,2142.049,2191.76,2152.732,25884927458
2025-02-13,2186.138,2203.636,2175.424,2176.156,2191.76,28459186902
2025-02-14,2176.323,2223.386,2176.212,2215.298,2176.156,28699625124
2025-02-17,2243.658,2245.371,2208.769,2226.615,2215.298,32635546066
2025-02-18,2223.48,2231.275,2173.54,2182.574,2226.615,29421059021
2025-02-19,2174.956,2228.482,2174.007,2226.982,2182.574,26063135587
2025-02-20,2222.373,2233.983,2204.641,2225.584,2226.982,28037885701
2025-02-21,2228.917,2284.038,2228.917,2281.512,2225.584,33303997251
2025-02-24,2277.154,2283.79,2245.614,2266.244,2281.512,31429001053
2025-02-25,2227.29,2265.911,2224.458,2240.589,2266.244,29271132403
2025-02-26,2246.954,2268.569,2232.309,2268.215,2240.589,29722503298
2025-02-27,2268.503,2279.387,2225.532,2256.508,2268.215,30727330595
2025-02-28,2238.34,2240.776,2163.687,2170.392,2256.508,28146450381
2025-03-03,2176.817,2232.198,2161.359,2196.525,2170.392,24792094383
2025-03-04,2170.989,2193.532,2161.056,2190.078,2196.525,22587616612
2025-03-05,2190.577,2200.87,2173.904,2190.362,2190.078,23326067714
2025-03-06,2204.247,2243.279,2202.007,2234.689,2190.362,30691077462
2025-03-07,2221.909,2226.004,2195.128,2205.307,2234.689,28706509815
2025-03-10,2211.097,2217.774,2182.581,2199.877,2205.307,23158429894
2025-03-11,2172.179,2204.03,2171.267,2204.03,2199.877,22092783100
2025-03-12,2211.146,2214.973,2191.099,2191.268,2204.03,26604450431
2025-03-13,2189.469,2200.91,2154.949,2166.004,2191.268,25042274557
2025-03-14,2165.532,2233.83,2161.89,2226.716,2166.004,26586008830
2025-03-17,2230.854,2233.333,2212.018,2215.127,2226.716,24550517179
2025-03-18,2225.204,2242.217,2215.373,2228.644,2215.127,23840841482
2025-03-19,2221.602,2237.95,2208.256,2222.347,2228.644,22968095475
2025-03-20,2220.496,2221.606,2198.375,2200.032,2222.347,23583954503
2025-03-21,2193.361,2201.417,2149.091,2152.279,2200.032,26088641653
2025-03-24,2154.67,2160.464,2125.129,2152.555,2152.279,24385877842
2025-03-25,2154.204,2165.015,2136.607,2145.479,2152.555,19869731524
2025-03-26,2143.119,2157.78,2139.902,2139.902,2145.479,18420319141
2025-03-27,2130.489,2165.16,2117.755,2145.095,2139.902,19171687867
2025-03-28,2140.066,2152.398,2128.209,2128.209,2145.095,17955464086
2025-03-31,2117.885,2123.872,2087.129,2103.699,2128.209,18606140083
2025-04-01,2108.455,2127.538,2100.297,2101.878,2103.699,17136825804
2025-04-02,2103.387,2121.555,2097.824,2104.625,2101.878,15132911479
2025-04-03,2078.146,2097.67,2057.634,2065.403,2104.625,16397924585
2025-04-07,1925.641,1939.269,1756.64,1807.206,2065.403,30407557575
2025-04-08,1837.544,1877.441,1812.128,1840.312,1807.206,25668214136
2025-04-09,1805.464,1872.929,1777.248,1858.356,1840.312,27945229735
2025-04-10,1920.64,1944.102,1897.335,1900.528,1858.356,25668684963
2025-04-11,1885.855,1943.435,1884.599,1926.37,1900.528,20237823723
2025-04-14,1954.049,1956.156,1928.633,1932.913,1926.37,19193506347
2025-04-15,1933.886,1940.747,1918.436,1930.399,1932.913,16842254976
2025-04-16,1918.029,1919.093,1879.776,1907.109,1930.399,17049971365
2025-04-17,1893.017,1923.53,1892.474,1908.776,1907.109,15001282078
2025-04-18,1904.994,1917.593,1898.78,1913.97,1908.776,14686095279
2025-04-21,1910.904,1947.562,1901.813,1944.318,1913.97,16743253700
2025-04-22,1933.832,1939.688,1923.374,1928.432,1944.318,17145814898
2025-04-23,1950.435,1962.678,1935.681,1949.162,1928.432,19999589043
2025-04-24,1946.23,1958.216,1930.902,1935.858,1949.162,18154588432
2025-04-25,1941.815,1960.634,1937.706,1947.186,1935.858,16997550933
2025-04-28,1951.16,1951.16,1930.064,1934.457,1947.186,16239196038
2025-04-29,1929.272,1941.175,1923.856,1931.942,1934.457,15966456284
2025-04-30,1936.122,1954.623,1931.836,1948.03,1931.942,16629885574
2025-05-06,1966.968,1988.051,1964.458,1986.409,1948.03,20452047955
2025-05-07,2024.301,2035.474,1982.374,1996.51,1986.409,23653504827
2025-05-08,1994.052,2036.101,1991.655,2029.452,1996.51,20799499536
2025-05-09,2028.427,2028.427,2004.477,2011.767,2029.452,19203420690
2025-05-12,2042.902,2066.313,2038.336,2064.714,2011.767,19483071725
2025-05-13,2091.349,2091.349,2058.741,2062.261,2064.714,19752887576
2025-05-14,2062.274,2103.369,2051.823,2083.142,2062.261,19329189521
2025-05-15,2076.042,2076.042,2043.097,2043.247,2083.142,17673170258
2025-05-16,2035.865,2050.888,2035.865,2039.445,2043.247,16327575503
2025-05-19,2038.048,2038.048,2017.167,2032.756,2039.445,16591258693
2025-05-20,2041.496,2059.516,2025.855,2048.459,2032.756,18531715006
2025-05-21,2052.001,2077.481,2050.207,2065.39,2048.459,17558827935
2025-05-22,2065.413,2065.413,2043.894,2045.566,2065.39,16978025799
2025-05-23,2043.202,2060.093,2021.499,2021.499,2045.566,17839165926
2025-05-26,2016.37,2023.485,1991.785,2005.259,2021.499,14778711915
2025-05-27,2001.622,2001.622,1983.898,1991.643,2005.259,15097227436
2025-05-28,1996.488,2001.951,1981.668,1985.383,1991.643,16073660505
2025-05-29,1988.319,2016.214,1986.629,2012.548,1985.383,19615377832
2025-05-30,2002.732,2004.504,1988.186,1993.188,2012.548,19207084090
2025-06-03,1986.543,2012.24,1985.567,2002.7,1993.188,18511574738
2025-06-04,2009.374,2030.922,2009.374,2024.933,2002.7,18504149321
2025-06-05,2026.631,2053.563,2014.435,2048.615,2024.933,20848380812
2025-06-06,2047.866,2051.912,2034.098,2039.435,2048.615,17810899136
2025-06-09,2046.427,2075.58,2045.644,2061.291,2039.435,20282746568
2025-06-10,2057.97,2063.871,2023.168,2037.271,2061.291,23768780842
2025-06-11,2044.284,2076.913,2044.284,2061.867,2037.271,20845583085
2025-06-12,2057.196,2076.838,2051.24,2067.154,2061.867,21402132576
2025-06-13,2054.967,2065.867,2036.963,2043.824,2067.154,24178096873
2025-06-16,2038.699,2062.423,2038.699,2057.323,2043.824,20370262370
2025-06-17,2061.469,2063.084,2045.054,2049.943,2057.323,21685353341
2025-06-18,2046.694,2059.376,2039.248,2054.729,2049.943,21130444823
2025-06-19,2049.176,2057.765,2021.176,2026.817,2054.729,22178848260
2025-06-20,2026.881,2036.019,2007.507,2009.893,2026.817,19030801593
2025-06-23,1996.962,2021.763,1996.962,2017.634,2009.893,20025034128
2025-06-24,2024.702,2065.836,2024.702,2064.135,2017.634,24784030051
2025-06-25,2073.259,2133.034,2072.866,2128.392,2064.135,26753719715
2025-06-26,2128.859,2142.21,2113.137,2114.425,2128.392,26941120880
2025-06-27,2125.849,2146.036,2112.745,2124.344,2114.425,24228122325
2025-06-30,2132.931,2154.0,2128.78,2153.014,2124.344,23847288167
2025-07-01,2149.216,2152.918,2134.571,2147.919,2153.014,24861511612
2025-07-02,2140.14,2140.14,2118.552,2123.719,2147.919,23427887136
2025-07-03,2130.739,2168.61,2130.739,2164.088,2123.719,21933757577
2025-07-04,2168.346,2187.884,2153.621,2156.234,2164.088,23229463094
2025-07-07,2148.934,2155.686,2126.323,2130.186,2156.234,18887255443
2025-07-08,2129.489,2183.057,2129.489,2181.077,2130.186,22827282051
2025-07-09,2179.317,2204.635,2179.109,2184.675,2181.077,23366909133
2025-07-10,2192.988,2199.71,2174.211,2189.577,2184.675,22055990969
2025-07-11,2190.007,2223.305,2181.186,2207.097,2189.577,23842646073
2025-07-14,2207.543,2208.076,2189.08,2197.068,2207.097,20214601116
2025-07-15,2211.405,2245.44,2209.902,2235.049,2197.068,22484388681
2025-07-16,2241.21,2259.635,2227.823,2230.194,2235.049,20510981734
2025-07-17,2228.524,2269.668,2228.524,2269.327,2230.194,21348549257
2025-07-18,2279.667,2296.911,2263.971,2277.152,2269.327,21196707708
2025-07-21,2285.414,2297.136,2273.809,2296.883,2277.152,22542405159
2025-07-22,2295.364,2313.459,2290.378,2310.856,2296.883,24246464787
2025-07-23,2308.114,2333.31,2304.63,2310.671,2310.856,23415958182
2025-07-24,2319.252,2345.367,2318.417,2345.367,2310.671,23323197809
2025-07-25,2348.281,2350.062,2332.025,2340.056,2345.367,22571518586
2025-07-28,2346.381,2366.507,2334.16,2362.6,2340.056,21686423753
2025-07-29,2362.775,2406.594,2355.375,2406.594,2362.6,23071609941
2025-07-30,2395.859,2395.885,2349.182,2367.684,2406.594,25030490858
2025-07-31,2382.967,2394.216,2321.716,2328.313,2367.684,25275364453
2025-08-01,2323.921,2348.015,2304.385,2322.627,2328.313,22816838411
2025-08-04,2307.373,2334.43,2304.483,2334.323,2322.627,21183884781
2025-08-05,2349.436,2350.996,2323.739,2343.376,2334.323,22517728715
2025-08-06,2335.95,2359.823,2335.95,2358.955,2343.376,25489331299
2025-08-07,2359.423,2372.683,2322.805,2342.861,2358.955,25797855397
2025-08-08,2338.249,2353.988,2330.01,2333.959,2342.861,24349547340
2025-08-11,2336.929,2384.86,2336.929,2379.816,2333.959,24490980549
2025-08-12,2381.163,2409.398,2368.813,2409.398,2379.816,24488379168
2025-08-13,2417.469,2497.857,2414.482,2496.504,2409.398,27243425162
2025-08-14,2496.627,2513.37,2463.858,2469.656,2496.504,29313157882
2025-08-15,2464.666,2541.894,2464.666,2534.219,2469.656,28003965052
2025-08-18,2549.552,2633.861,2529.249,2606.202,2534.219,36132657522
2025-08-19,2596.578,2634.597,2586.948,2601.743,2606.202,32436301630
2025-08-20,2572.005,2608.0,2547.44,2607.653,2601.743,28314502907
2025-08-21,2614.915,2626.374,2582.054,2595.465,2607.653,29243337744
2025-08-22,2587.529,2683.9,2587.529,2682.553,2595.465,29381103128
2025-08-25,2720.281,2782.014,2700.278,2762.99,2682.553,35203654117
2025-08-26,2747.107,2773.24,2726.724,2742.127,2762.99,30753111470
2025-08-27,2747.5,2822.271,2723.198,2723.198,2742.127,36360851590
2025-08-28,2707.339,2827.172,2707.339,2827.172,2723.198,34102659746
2025-08-29,2828.012,2933.992,2809.318,2890.125,2827.172,28407515660
2025-09-01,2914.642,2958.141,2886.73,2956.375,2890.125,27601432122
2025-09-02,2951.03,2979.735,2839.923,2872.222,2956.375,30044750940
2025-09-03,2882.843,2926.776,2859.507,2899.373,2872.222,24412887208
2025-09-04,2933.678,2956.411,2741.076,2776.248,2899.373,25622951632
2025-09-05,2789.909,2962.467,2775.17,2958.181,2776.248,24152196489
2025-09-08,2964.428,2964.428,2883.261,2933.246,2958.181,24641781610
2025-09-09,2901.289,2924.575,2843.672,2867.969,2933.246,21603226895
2025-09-10,2890.052,2926.161,2860.262,2904.269,2867.969,20144417977
2025-09-11,2917.767,3053.749,2899.83,3053.749,2904.269,24703471247
2025-09-12,3024.104,3056.526,3009.902,3020.423,3053.749,24405179818
2025-09-15,3052.059,3106.879,3044.688,3066.18,3020.423,22487125918
2025-09-16,3072.302,3089.781,3020.628,3087.04,3066.18,24258725969
2025-09-17,3085.71,3152.308,3064.769,3147.345,3087.04,24420771086
2025-09-18,3119.774,3168.679,3051.299,3095.851,3147.345,31070737793
2025-09-19,3098.278,3128.379,3072.762,3091.003,3095.851,22606373854
2025-09-22,3093.968,3107.887,3053.354,3107.887,3091.003,19928929065
2025-09-23,3139.5,3157.023,3041.461,3114.553,3107.887,24911904186
2025-09-24,3089.904,3185.837,3085.701,3185.571,3114.553,22145764294
2025-09-25,3167.752,3266.003,3161.076,3235.765,3185.571,22694285845
2025-09-26,3222.187,3251.882,3150.843,3151.53,3235.765,20924382005
2025-09-29,3165.065,3259.42,3164.804,3238.012,3151.53,20082588120
2025-09-30,3239.326,3279.018,3218.693,3238.16,3238.012,19665152997
2025-10-09,3251.04,3322.444,3243.706,3261.822,3238.16,23035968624
2025-10-10,3230.457,3235.855,3097.635,3113.262,3261.822,21970285025
2025-10-13,2975.026,3096.401,2975.026,3078.762,3113.262,21088163085
2025-10-14,3120.995,3124.834,2943.583,2955.983,3078.762,21671824234
2025-10-15,2964.517,3030.586,2927.515,3025.867,2955.983,17983852649
2025-10-16,3008.372,3068.838,3001.105,3037.442,3025.867,17347166734
2025-10-17,3026.398,3042.286,2932.684,2935.37,3037.442,17826886522
2025-10-20,3007.208,3042.199,2970.188,2993.455,2935.37,15593761109
2025-10-21,3017.772,3101.932,2994.76,3083.716,2993.455,17202850600
2025-10-22,3061.267,3089.764,3044.045,3059.319,3083.716,15831341016
2025-10-23,3050.736,3066.46,3003.336,3062.163,3059.319,16239949055
2025-10-24,3087.628,3171.569,3082.064,3171.569,3062.163,18307380958
2025-10-27,3227.179,3241.951,3179.623,3234.455,3171.569,20725640357
2025-10-28,3205.442,3282.328,3205.05,3229.575,3234.455,20143239786
2025-10-29,3263.984,3324.271,3258.689,3324.271,3229.575,20717836728
2025-10-30,3313.788,3331.859,3259.21,3263.022,3324.271,21761020060
2025-10-31,3260.264,3281.662,3187.533,3187.533,3263.022,21347524662
2025-11-03,3179.297,3199.399,3120.851,3196.871,3187.533,20898199089
2025-11-04,3190.404,3207.102,3111.02,3134.09,3196.871,19143966340
2025-11-05,3068.948,3179.929,3068.948,3166.231,3134.09,20000833382
2025-11-06,3185.128,3236.679,3177.603,3224.624,3166.231,19582658733
2025-11-07,3201.259,3240.345,3178.802,3208.206,3224.624,19944235624
2025-11-10,3221.933,3236.605,3138.303,3178.827,3208.206,20533756116
2025-11-11,3197.123,3209.89,3130.575,3134.316,3178.827,20310223048
2025-11-12,3122.577,3137.582,3078.644,3122.027,3134.316,19984248383
2025-11-13,3119.086,3209.703,3107.623,3201.754,3122.027,20638393403
2025-11-14,3145.924,3167.105,3111.507,3111.507,3201.754,20998312484
2025-11-17,3097.335,3120.735,3082.234,3105.203,3111.507,21307476760
2025-11-18,3089.382,3115.306,3052.636,3069.219,3105.203,22428895470
2025-11-19,3065.165,3113.222,3061.963,3076.845,3069.219,20997810906
2025-11-20,3131.838,3137.065,3039.377,3042.341,3076.845,19450267734
2025-11-21,2979.371,2996.794,2920.039,2920.078,3042.341,24648637338
2025-11-24,2946.456,2951.434,2892.274,2929.043,2920.078,21908590872
2025-11-25,2970.731,3027.83,2961.932,2980.934,2929.043,22808738026
2025-11-26,2976.705,3081.491,2962.992,3044.695,2980.934,21283321280
2025-11-27,3041.205,3113.442,3027.305,3031.296,3044.695,19514288579
2025-11-28,3029.977,3067.76,3013.494,3052.587,3031.296,18738179122
2025-12-01,3060.557,3093.962,3037.688,3092.499,3052.587,21008205794
2025-12-02,3091.369,3094.177,3056.362,3071.149,3092.499,19246524050
2025-12-03,3078.858,3105.304,3028.696,3036.786,3071.149,19585191000
2025-12-04,3037.051,3075.458,3016.579,3067.484,3036.786,17561563591
2025-12-05,3084.217,3115.814,3048.943,3109.297,3067.484,18848488749
2025-12-08,3119.151,3214.478,3119.151,3190.269,3109.297,21190777492
2025-12-09,3183.613,3235.536,3175.506,3209.603,3190.269,19411787047
2025-12-10,3201.378,3220.235,3143.415,3209.004,3209.603,18550766603
2025-12-11,3210.546,3246.317,3163.675,3163.675,3209.004,19403941107
2025-12-12,3172.731,3203.254,3137.625,3194.359,3163.675,20278545302
2025-12-15,3157.32,3184.625,3135.663,3137.801,3194.359,18067347997
2025-12-16,3130.428,3141.579,3058.792,3071.762,3137.801,18155089402
2025-12-17,3072.621,3181.689,3072.621,3175.908,3071.762,18686832441
2025-12-18,3138.657,3154.066,3107.065,3107.065,3175.908,16921874026
2025-12-19,3134.804,3157.29,3112.032,3122.238,3107.065,17736191710
2025-12-22,3153.749,3197.941,3153.749,3191.985,3122.238,17522753517
2025-12-23,3196.309,3227.067,3184.534,3205.011,3191.985,18388058045
2025-12-24,3207.409,3234.999,3193.967,3229.577,3205.011,18267504994
2025-12-25,3232.971,3249.105,3200.492,3239.343,3229.577,19356999681
2025-12-26,3232.409,3268.695,3219.131,3243.876,3239.343,21093462998
2025-12-29,3237.773,3250.088,3208.076,3222.611,3243.876,19624276753
2025-12-30,3208.323,3251.133,3207.729,3242.905,3222.611,20695328504
2025-12-31,3247.737,3254.89,3198.248,3203.172,3242.905,20619816729
2026-01-05,3229.933,3295.286,3229.933,3294.551,3203.172,26314261047
2026-01-06,3279.811,3321.436,3265.729,3319.292,3294.551,27815065515
2026-01-07,3331.341,3351.216,3298.553,3329.693,3319.292,27164105082
2026-01-08,3308.738,3328.955,3285.164,3302.307,3329.693,28086491869
2026-01-09,3279.376,3330.012,3269.993,3327.813,3302.307,33328063500
2026-01-12,3323.636,3398.05,3282.389,3388.341,3327.813,40685183170
2026-01-13,3390.688,3416.837,3307.631,3321.889,3388.341,41954770103
2026-01-14,3333.171,3403.954,3308.627,3349.138,3321.889,43995841831
2026-01-15,3318.109,3372.474,3309.062,3367.917,3349.138,30757654761
2026-01-16,3394.346,3407.862,3354.649,3361.017,3367.917,29998155132
2026-01-19,3340.936,3383.789,3326.134,3337.608,3361.017,25640521661
2026-01-20,3340.456,3347.944,3257.435,3277.979,3337.608,26073148031
2026-01-21,3270.127,3329.502,3270.127,3295.523,3277.979,23018590975
2026-01-22,3312.751,3337.272,3280.317,3328.647,3295.523,23538932550
2026-01-23,3334.017,3349.503,3316.654,3349.503,3328.647,29347937166
2026-01-26,3365.606,3367.992,3304.356,3319.149,3349.503,31480672335
2026-01-27,3316.021,3366.683,3277.257,3342.599,3319.149,26646005109
2026-01-28,3359.788,3361.14,3301.048,3323.562,3342.599,25814224847
2026-01-29,3322.48,3356.485,3298.588,3304.51,3323.562,29496322405
2026-01-30,3301.541,3369.245,3255.648,3346.355,3304.51,26302631763
2026-02-02,3368.141,3390.299,3262.122,3264.111,3346.355,23854360757
2026-02-03,3318.06,3332.477,3249.061,3324.892,3264.111,23061644766
2026-02-04,3298.322,3318.898,3244.711,3311.515,3324.892,23731292772
2026-02-05,3277.721,3288.375,3238.784,3260.278,3311.515,20529520802
2026-02-06,3222.884,3288.032,3199.144,3236.464,3260.278,20940122955
2026-02-09,3299.597,3340.329,3276.567,3332.77,3236.464,23531193301
2026-02-10,3321.884,3348.483,3320.537,3320.537,3332.77,24045837249
2026-02-11,3312.643,3324.182,3284.239,3284.735,3320.537,22071512282
2026-02-12,3294.571,3334.354,3292.677,3328.063,3284.735,22591739521
2026-02-13,3309.429,3323.369,3275.289,3275.958,3328.063,20624958923
2026-02-24,3331.795,3343.244,3292.5,3308.265,3275.958,22240405558
2026-02-25,3313.093,3363.182,3302.759,3354.819,3308.265,23205479475
2026-02-26,3346.743,3351.573,3310.554,3344.982,3354.819,25161974420
2026-02-27,3303.977,3326.585,3292.892,3310.305,3344.982,24032083023
2026-03-02,3257.051,3319.908,3257.051,3294.161,3310.305,27351491153
2026-03-03,3316.633,3331.264,3206.615,3209.482,3294.161,28637119972
2026-03-04,3171.185,3217.111,3149.412,3164.371,3209.482,21733186383
2026-03-05,3236.151,3264.796,3194.956,3216.939,3164.371,24166948932
2026-03-06,3197.665,3248.898,3177.871,3229.302,3216.939,22276622596
2026-03-09,3152.717,3220.015,3111.883,3208.582,3229.302,25504546193
2026-03-10,3281.944,3308.747,3272.99,3306.141,3208.582,23630427361
2026-03-11,3318.413,3388.103,3318.413,3349.529,3306.141,23556722041
2026-03-12,3357.033,3358.771,3286.767,3317.522,3349.529,22542505817
2026-03-13,3296.503,3342.854,3296.114,3310.278,3317.522,22655297449
2026-03-16,3323.979,3360.354,3284.048,3357.022,3310.278,20821772507
2026-03-17,3385.712,3390.021,3279.875,3280.059,3357.022,20725685437
2026-03-18,3307.822,3350.556,3274.26,3346.365,3280.059,19370269368
2026-03-19,3311.445,3361.215,3295.453,3309.103,3346.365,19915356248
2026-03-20,3362.072,3426.609,3348.7,3352.103,3309.103,22540163023
2026-03-23,3300.558,3334.456,3214.819,3235.221,3352.103,23966917084
2026-03-24,3266.932,3270.191,3155.271,3251.545,3235.221,20522547863
2026-03-25,3287.171,3325.263,3278.726,3316.971,3251.545,20629018561
2026-03-26,3299.031,3347.23,3263.996,3272.488,3316.971,18545832832
2026-03-27,3236.37,3323.333,3228.411,3295.88,3272.488,16968830294
2026-03-30,3254.431,3281.393,3224.599,3273.355,3295.88,17219385707
2026-03-31,3247.279,3280.479,3184.952,3184.952,3273.355,17816826549
2026-04-01,3255.264,3255.264,3206.802,3247.523,3184.952,18012365918
2026-04-02,3229.6,3229.679,3155.13,3172.649,3247.523,17467543341
2026-04-03,3197.771,3199.438,3149.153,3149.596,3172.649,16182688712
2026-04-07,3162.823,3181.351,3133.779,3160.816,3149.596,14670427390
2026-04-08,3257.906,3348.392,3243.782,3347.61,3160.816,22690229989
2026-04-09,3316.291,3340.298,3301.646,3323.299,3347.61,19555590311
2026-04-10,3355.073,3470.719,3354.765,3448.787,3323.299,20539106713
2026-04-13,3434.32,3492.482,3434.32,3476.44,3448.787,18001313969
2026-04-14,3507.11,3560.302,3493.368,3558.527,3476.44,20096606164
2026-04-15,3596.079,3599.979,3491.451,3514.96,3558.527,20315993310
2026-04-16,3531.261,3629.422,3518.358,3626.271,3514.96,21219301035
2026-04-17,3643.153,3685.098,3620.328,3678.293,3626.271,21364787944
2026-04-20,3657.348,3696.26,3642.807,3677.576,3678.293,21559884372
2026-04-21,3662.259,3695.742,3619.485,3688.937,3677.576,19671006859
2026-04-22,3660.42,3755.751,3660.085,3752.759,3688.937,20832548977
2026-04-23,3769.019,3785.23,3681.571,3720.247,3752.759,23455411380
2026-04-24,3682.499,3699.939,3624.995,3667.785,3720.247,22796018188
2026-04-27,3677.89,3686.943,3640.115,3648.788,3667.785,21594188735
2026-04-28,3623.49,3636.934,3580.389,3596.712,3648.788,21883402468
2026-04-29,3578.423,3692.206,3578.423,3687.168,3596.712,21500240214
2026-04-30,3704.109,3718.399,3660.219,3677.148,3687.168,20180814133
2026-05-06,3760.671,3815.07,3724.527,3778.159,3677.148,24988027312
2026-05-07,3807.99,3840.055,3761.232,3833.057,3778.159,25231311943
2026-05-08,3792.042,3840.156,3787.174,3796.128,3833.057,24287398220
2026-05-11,3829.608,3937.874,3797.498,3928.974,3796.128,26404616003
2026-05-12,3947.137,3954.991,3897.817,3934.882,3928.974,24703507786
2026-05-13,3900.737,4041.989,3893.803,4038.333,3934.882,24807207033
2026-05-14,4087.851,4090.422,3937.601,3951.14,4038.333,25032317176
2026-05-15,3957.738,4002.727,3870.374,3929.064,3951.14,24556981859
2026-05-18,3895.068,3961.156,3883.405,3914.875,3929.064,21764693581
2026-05-19,3894.001,3918.307,3808.47,3908.438,3914.875,22348130376
2026-05-20,3889.679,3947.22,3887.155,3921.789,3908.438,22260561647
2026-05-21,3962.303,4017.809,3827.516,3829.779,3921.789,26552874188
2026-05-22,3875.813,3948.989,3856.207,3938.502,3829.779,21429015141
2026-05-25,3974.975,4022.737,3905.695,4021.16,3938.502,23145781457
2026-05-26,4003.133,4057.369,3985.513,4043.066,4021.16,22809212733
2026-05-27,4053.675,4148.234,4015.65,4045.773,4043.066,22412918557
2026-05-28,4042.078,4135.375,3971.719,4125.075,4045.773,20779648537
2026-05-29,4141.914,4158.694,4010.119,4037.951,4125.075,23341375890
2026-06-01,4057.393,4081.418,3942.683,3950.943,4037.951,21079880879
2026-06-02,3987.406,4083.925,3946.108,4055.871,3950.943,20391572781
2026-06-03,4089.02,4218.331,4063.205,4122.987,4055.871,21892584780
2026-06-04,4072.549,4114.237,4051.146,4088.884,4122.987,20272486985
2026-06-05,4079.952,4105.21,3933.065,3957.935,4088.884,22873202312
2026-06-08,3820.231,3903.774,3776.927,3811.785,3957.935,22833641435
2026-06-09,3865.693,3962.898,3823.76,3961.749,3811.785,20975558495
2026-06-10,3897.73,3928.36,3818.312,3854.793,3961.749,20394708661
2026-06-11,3839.187,3910.278,3755.613,3811.246,3854.793,19846534095
2026-06-12,3921.089,3921.535,3822.422,3830.353,3811.246,23024609971
2026-06-15,3896.167,4033.535,3844.08,4033.535,3830.353,22126900284
2026-06-16,4065.271,4142.433,4053.878,4102.942,4033.535,22590511467
2026-06-17,4061.297,4168.165,4058.614,4167.048,4102.942,22186156810
2026-06-18,4153.621,4272.008,4153.621,4252.39,4167.048,22655993767
2026-06-22,4272.988,4359.392,4229.315,4359.392,4252.39,27234600246
2026-06-23,4343.875,4350.063,4159.476,4192.194,4359.392,24585896693
2026-06-24,4181.906,4257.25,4161.581,4251.424,4192.194,23249470821
2026-06-25,4278.339,4380.413,4242.863,4371.989,4251.424,24652288136
2026-06-26,4319.409,4328.7,4175.377,4194.209,4371.989,24093147333
2026-06-29,4200.674,4265.463,4103.633,4216.699,4194.209,24357140946
2026-06-30,4217.633,4353.105,4205.742,4342.712,4216.699,22318593200
2026-07-01,4336.161,4361.825,4222.223,4260.721,4342.712,26490099989
2026-07-02,4135.342,4168.873,3999.567,4017.273,4260.721,24955456817
2026-07-03,4010.819,4115.628,3985.363,4019.934,4017.273,22845319540
2026-07-06,4050.876,4063.631,3903.478,3948.86,4019.934,21657677145
2026-07-07,3931.439,3976.114,3859.426,3911.907,3948.86,18580698368
2026-07-08,3932.42,3965.388,3824.33,3845.351,3911.907,19257204922
2026-07-09,3892.123,4025.316,3812.655,4018.174,3845.351,20837813552
2026-07-10,4041.859,4060.533,3842.347,3842.731,4018.174,24825417598
2026-07-13,3809.858,3855.753,3691.232,3723.517,3842.731,21989517615
2026-07-14,3729.613,3855.035,3673.958,3851.137,3723.517,19614651747
2026-07-15,3879.766,3905.312,3794.344,3804.704,3851.137,19725276324
2026-07-16,3710.507,3796.346,3658.068,3692.457,3804.704,19845656291
2026-07-17,3642.057,3642.057,3387.26,3428.63,3692.457,23022124305
2026-07-20,3504.116,3550.594,3338.213,3443.102,3428.63,23717409929
2026-07-21,3469.223,3687.147,3373.04,3685.969,3443.102,25892240565
2026-07-22,3644.976,3694.9,3553.367,3566.732,3685.969,20583391854
2026-07-23,3596.735,3621.728,3538.106,3575.52,3566.732,18176633354
2026-07-24,3515.504,3561.35,3480.87,3480.87,3575.52,16879360665
2026-07-27,3482.045,3592.1,3449.205,3590.787,3480.87,17522739402
2026-07-28,3478.864,3511.7,3312.305,3327.03,3590.787,17470804162
2026-07-29,3333.481,3411.032,3249.647,3378.696,3327.03,20104472035
2026-07-30,3331.321,3353.81,3158.139,3244.618,3378.696,20383641844
2026-07-31,3411.612,3464.897,3343.964,3343.964,3244.618,23617094508
2026-08-03,3320.093,3342.173,3280.843,3302.553,3343.964,18772097180
2026-08-04,3353.512,3510.512,3342.406,3488.966,3302.553,21110662267
2026-08-05,3372.082,3584.062,3372.042,3535.143,3488.966,22649535325
2026-08-06,3472.146,3574.406,3444.358,3515.56,3535.143,21880724664
2026-08-07,3537.44,3613.871,3507.615,3563.116,3515.56,22997743476
2026-08-10,3567.046,3575.589,3470.953,3537.214,3563.116,20898630208
2026-08-11,3533.894,3601.59,3517.572,3549.164,3537.214,19075507613
2026-08-12,3542.133,3625.268,3540.948,3602.083,3549.164,18343894837
2026-08-13,3656.876,3681.799,3585.272,3586.043,3602.083,22085067455
2026-08-14,3610.194,3633.034,3578.614,3626.296,3586.043,19350780905
2026-08-17,3632.777,3740.157,3604.166,3740.157,3626.296,19427869202
2026-08-18,3730.987,3747.528,3662.448,3705.564,3740.157,19621381472
2026-08-19,3605.518,3622.503,3455.478,3473.493,3705.564,20550914125
2026-08-20,3517.652,3531.923,3459.569,3495.589,3473.493,18287532378
2026-08-21,3495.113,3563.059,3478.517,3545.577,3495.589,16889680174
2026-08-24,3550.249,3551.508,3376.639,3431.885,3545.577,17031614880
2026-08-25,3403.198,3440.65,3359.735,3397.515,3431.885,17066418311
2026-08-26,3409.279,3455.888,3379.142,3414.883,3397.515,16478265609
2026-08-27,3437.901,3474.069,3408.801,3473.355,3414.883,18256943850
2026-08-28,3453.729,3521.469,3423.074,3424.401,3473.355,18615422178
2026-08-31,3367.043,3438.681,3359.135,3438.681,3424.401,19265537523
2026-09-01,3435.321,3442.477,3375.013,3393.43,3438.681,19489930593
2026-09-02,3347.675,3348.693,3296.475,3312.243,3393.43,16524922541
2026-09-03,3342.092,3356.246,3285.058,3312.541,3312.243,16153244703
2026-09-04,3344.621,3370.468,3266.796,3286.546,3312.541,19341304198
2026-09-07,3326.417,3409.365,3320.265,3398.681,3286.546,16586585867
2026-09-08,3394.346,3418.485,3346.714,3359.716,3398.681,16708357667
2026-09-09,3398.222,3398.222,3327.137,3354.969,3359.716,15879997901
2026-09-10,3324.333,3368.733,3308.705,3338.422,3354.969,14218171993
2026-09-11,3310.013,3335.814,3261.1,3322.039,3338.422,16510348210
2026-09-14,3279.307,3331.054,3262.486,3285.583,3322.039,13773408663
2026-09-15,3280.855,3315.33,3245.059,3247.918,3285.583,13721683162
