date,afre_stock
2018-02-01,256.94
2018-03-01,258.52
2018-04-01,260.3
2018-05-01,261.25
2018-06-01,262.74
2018-07-01,263.96
2018-08-01,265.9
2018-09-01,268.07
2018-10-01,268.81
2018-11-01,270.34
2018-12-01,271.93
2019-01-01,276.6
2019-02-01,277.57
2019-03-01,280.53
2019-04-01,282.2
2019-05-01,283.91
2019-06-01,286.54
2019-07-01,287.83
2019-08-01,290.02
2019-09-01,292.54
2019-10-01,293.4
2019-11-01,295.4
2019-12-01,297.6
2020-01-01,302.65
2020-02-01,303.53
2020-03-01,308.71
2020-04-01,311.81
2020-05-01,315.0
2020-06-01,318.47
2020-07-01,320.16
2020-08-01,323.75
2020-09-01,327.21
2020-10-01,328.61
2020-11-01,330.74
2020-12-01,332.46
2021-01-01,337.65
2021-02-01,339.37
2021-03-01,342.75
2021-04-01,344.61
2021-05-01,346.56
2021-06-01,350.26
2021-07-01,351.34
2021-08-01,354.33
2021-09-01,357.23
2021-10-01,358.85
2021-11-01,361.44
2021-12-01,363.81
2022-01-01,369.99
2022-02-01,371.21
2022-03-01,375.86
2022-04-01,376.8
2022-05-01,379.64
2022-06-01,384.83
2022-07-01,385.61
2022-08-01,388.08
2022-09-01,391.62
2022-10-01,392.53
2022-11-01,394.52
2022-12-01,395.82
2023-01-01,401.82
2023-02-01,404.98
2023-03-01,410.37
2023-04-01,411.59
2023-05-01,413.15
2023-06-01,417.37
2023-07-01,417.91
2023-08-01,421.04
2023-09-01,425.17
2023-10-01,427.01
2023-11-01,429.47
2023-12-01,431.41
2024-01-01,437.88
2024-02-01,439.38
2024-03-01,444.21
2024-04-01,444.15
2024-05-01,446.21
2024-06-01,449.51
2024-07-01,450.28
2024-08-01,453.31
2024-09-01,457.07
2024-10-01,458.49
2024-11-01,460.82
2024-12-01,463.67
2025-01-01,470.72
2025-02-01,472.95
2025-03-01,478.85
2025-04-01,480.01
2025-05-01,482.3
2025-06-01,486.52
2025-07-01,487.66
2025-08-01,490.22
2025-09-01,493.75
2025-10-01,494.57
2025-11-01,497.06
2025-12-01,499.27
2026-01-01,506.49
2026-02-01,508.87
2026-03-01,514.1
2026-04-01,514.72
