date,yield_pct
2018-01-02,3.7177
2018-01-03,3.7165
2018-01-04,3.6772
2018-01-05,3.6312
2018-01-08,3.6107
2018-01-09,3.5902
2018-01-10,3.6076
2018-01-11,3.6165
2018-01-12,3.6203
2018-01-15,3.6271
2018-01-16,3.6206
2018-01-17,3.634
2018-01-18,3.629
2018-01-19,3.621
2018-01-22,3.5917
2018-01-23,3.5977
2018-01-24,3.5753
2018-01-25,3.5767
2018-01-26,3.5843
2018-01-29,3.5648
2018-01-30,3.5792
2018-01-31,3.5289
2018-02-01,3.5024
2018-02-02,3.5182
2018-02-05,3.5525
2018-02-06,3.5514
2018-02-07,3.4991
2018-02-08,3.5235
2018-02-09,3.5184
2018-02-11,3.5334
2018-02-12,3.5258
2018-02-13,3.53
2018-02-14,3.5098
2018-02-22,3.5248
2018-02-23,3.4935
2018-02-24,3.5019
2018-02-26,3.4157
2018-02-27,3.3755
2018-02-28,3.3504
2018-03-01,3.3528
2018-03-02,3.3685
2018-03-05,3.3951
2018-03-06,3.4034
2018-03-07,3.3805
2018-03-08,3.3905
2018-03-09,3.4007
2018-03-12,3.4285
2018-03-13,3.4572
2018-03-14,3.4719
2018-03-15,3.4808
2018-03-16,3.4481
2018-03-19,3.4521
2018-03-20,3.455
2018-03-21,3.4392
2018-03-22,3.426
2018-03-23,3.3979
2018-03-26,3.385
2018-03-27,3.4145
2018-03-28,3.4169
2018-03-29,3.415
2018-03-30,3.4217
2018-04-02,3.3942
2018-04-03,3.4052
2018-04-04,3.3751
2018-04-08,3.3785
2018-04-09,3.3295
2018-04-10,3.3327
2018-04-11,3.3223
2018-04-12,3.2927
2018-04-13,3.2708
2018-04-16,3.2408
2018-04-17,3.22
2018-04-18,3.0135
2018-04-19,3.0593
2018-04-20,3.0838
2018-04-23,3.1788
2018-04-24,3.1133
2018-04-25,3.0948
2018-04-26,3.1034
2018-04-27,3.1038
2018-04-28,3.0947
2018-05-02,3.1503
2018-05-03,3.1369
2018-05-04,3.1088
2018-05-07,3.0947
2018-05-08,3.0794
2018-05-09,3.084
2018-05-10,3.0747
2018-05-11,3.0746
2018-05-14,3.09
2018-05-15,3.1016
2018-05-16,3.1108
2018-05-17,3.1935
2018-05-18,3.1823
2018-05-21,3.2289
2018-05-22,3.2318
2018-05-23,3.2264
2018-05-24,3.2454
2018-05-25,3.2359
2018-05-28,3.2504
2018-05-29,3.2536
2018-05-30,3.2655
2018-05-31,3.2674
2018-06-01,3.3096
2018-06-04,3.3287
2018-06-05,3.3285
2018-06-06,3.3566
2018-06-07,3.3569
2018-06-08,3.3393
2018-06-11,3.3461
2018-06-12,3.3874
2018-06-13,3.3752
2018-06-14,3.3472
2018-06-15,3.335
2018-06-19,3.3301
2018-06-20,3.3662
2018-06-21,3.3685
2018-06-22,3.3647
2018-06-25,3.3682
2018-06-26,3.3541
2018-06-27,3.3543
2018-06-28,3.3
2018-06-29,3.2568
2018-07-02,3.2387
2018-07-03,3.1928
2018-07-04,3.1552
2018-07-05,3.1438
2018-07-06,3.1309
2018-07-09,3.1547
2018-07-10,3.1567
2018-07-11,3.1426
2018-07-12,3.1379
2018-07-13,3.144
2018-07-16,3.1089
2018-07-17,3.1046
2018-07-18,3.1227
2018-07-19,3.1124
2018-07-20,3.1308
2018-07-23,3.1252
2018-07-24,3.121
2018-07-25,3.0853
2018-07-26,3.0615
2018-07-27,2.9863
2018-07-30,2.9605
2018-07-31,2.9243
2018-08-01,2.9081
2018-08-02,2.8835
2018-08-03,2.8454
2018-08-06,2.8031
2018-08-07,2.7665
2018-08-08,2.7923
2018-08-09,2.8742
2018-08-10,2.8783
2018-08-13,2.9515
2018-08-14,2.9576
2018-08-15,2.9824
2018-08-16,3.0056
2018-08-17,3.0662
2018-08-20,3.064
2018-08-21,3.1576
2018-08-22,3.1171
2018-08-23,3.0817
2018-08-24,3.0548
2018-08-27,3.0817
2018-08-28,3.1091
2018-08-29,3.1084
2018-08-30,3.0769
2018-08-31,3.0718
2018-09-03,3.0961
2018-09-04,3.1179
2018-09-05,3.1136
2018-09-06,3.1103
2018-09-07,3.1106
2018-09-10,3.1211
2018-09-11,3.136
2018-09-12,3.1291
2018-09-13,3.116
2018-09-14,3.1122
2018-09-17,3.1016
2018-09-18,3.1017
2018-09-19,3.2262
2018-09-20,3.252
2018-09-21,3.2473
2018-09-25,3.2338
2018-09-26,3.2177
2018-09-27,3.206
2018-09-28,3.1897
2018-09-29,3.1685
2018-09-30,3.1402
2018-10-08,3.143
2018-10-09,3.1284
2018-10-10,3.1143
2018-10-11,3.0711
2018-10-12,3.0379
2018-10-15,3.0379
2018-10-16,3.0505
2018-10-17,3.0625
2018-10-18,3.0562
2018-10-19,3.0328
2018-10-22,3.0159
2018-10-23,3.0116
2018-10-24,2.9859
2018-10-25,2.9837
2018-10-26,2.9747
2018-10-29,2.9456
2018-10-30,2.933
2018-10-31,2.9415
2018-11-01,2.9399
2018-11-02,2.9441
2018-11-05,2.9369
2018-11-06,2.9139
2018-11-07,2.8807
2018-11-08,2.845
2018-11-09,2.8248
2018-11-12,2.8009
2018-11-13,2.7792
2018-11-14,2.7332
2018-11-15,2.7051
2018-11-16,2.7025
2018-11-19,2.7176
2018-11-20,2.7277
2018-11-21,2.7095
2018-11-22,2.703
2018-11-23,2.7146
2018-11-26,2.7173
2018-11-27,2.7011
2018-11-28,2.6781
2018-11-29,2.6893
2018-11-30,2.6965
2018-12-03,2.7198
2018-12-04,2.6959
2018-12-05,2.6534
2018-12-06,2.6346
2018-12-07,2.6276
2018-12-10,2.6519
2018-12-11,2.6368
2018-12-12,2.6315
2018-12-13,2.6354
2018-12-14,2.6545
2018-12-17,2.6742
2018-12-18,2.6811
2018-12-19,2.8582
2018-12-20,2.8191
2018-12-21,2.8102
2018-12-24,2.8358
2018-12-25,2.8412
2018-12-26,2.8018
2018-12-27,2.7655
2018-12-28,2.7224
2018-12-29,2.7077
2018-12-30,2.7078
2018-12-31,2.7078
2019-01-02,2.6167
2019-01-03,2.6233
2019-01-04,2.6069
2019-01-07,2.5672
2019-01-08,2.5222
2019-01-09,2.5421
2019-01-10,2.539
2019-01-11,2.575
2019-01-14,2.5861
2019-01-15,2.5951
2019-01-16,2.5212
2019-01-17,2.4901
2019-01-18,2.4979
2019-01-21,2.5625
2019-01-22,2.5358
2019-01-23,2.5499
2019-01-24,2.5457
2019-01-25,2.5358
2019-01-28,2.6435
2019-01-29,2.634
2019-01-30,2.6099
2019-01-31,2.5962
2019-02-01,2.5824
2019-02-02,2.5738
2019-02-03,2.5726
2019-02-11,2.5567
2019-02-12,2.5543
2019-02-13,2.5461
2019-02-14,2.5515
2019-02-15,2.553
2019-02-18,2.5541
2019-02-19,2.5555
2019-02-20,2.4943
2019-02-21,2.5331
2019-02-22,2.5256
2019-02-25,2.557
2019-02-26,2.5728
2019-02-27,2.5783
2019-02-28,2.6035
2019-03-01,2.6035
2019-03-04,2.5804
2019-03-05,2.6052
2019-03-06,2.6057
2019-03-07,2.6059
2019-03-08,2.6061
2019-03-11,2.6124
2019-03-12,2.6223
2019-03-13,2.6247
2019-03-14,2.6398
2019-03-15,2.645
2019-03-18,2.6319
2019-03-19,2.6188
2019-03-20,2.6093
2019-03-21,2.5998
2019-03-22,2.5979
2019-03-25,2.6229
2019-03-26,2.5898
2019-03-27,2.6035
2019-03-28,2.5925
2019-03-29,2.5852
2019-04-01,2.5733
2019-04-02,2.5887
2019-04-03,2.5906
2019-04-04,2.6138
2019-04-08,2.708
2019-04-09,2.7539
2019-04-10,2.9026
2019-04-11,2.9036
2019-04-12,2.8996
2019-04-15,2.9275
2019-04-16,2.9432
2019-04-17,2.9397
2019-04-18,2.912
2019-04-19,2.9089
2019-04-22,2.9334
2019-04-23,2.9541
2019-04-24,2.9452
2019-04-25,2.9419
2019-04-26,2.939
2019-04-28,2.8922
2019-04-29,2.9223
2019-04-30,2.8918
2019-05-05,2.8918
2019-05-06,2.8602
2019-05-07,2.8939
2019-05-08,2.9056
2019-05-09,2.8679
2019-05-10,2.8851
2019-05-13,2.8652
2019-05-14,2.8734
2019-05-15,2.9001
2019-05-16,2.9033
2019-05-17,2.9065
2019-05-20,2.9065
2019-05-21,2.9161
2019-05-22,2.911
2019-05-23,2.8778
2019-05-24,2.8557
2019-05-27,2.8838
2019-05-28,2.8597
2019-05-29,2.8236
2019-05-30,2.8073
2019-05-31,2.8155
2019-06-03,2.7874
2019-06-04,2.7823
2019-06-05,2.7874
2019-06-06,2.7771
2019-06-10,2.7927
2019-06-11,2.8125
2019-06-12,2.9198
2019-06-13,2.9207
2019-06-14,2.9066
2019-06-17,2.8904
2019-06-18,2.8792
2019-06-19,2.8803
2019-06-20,2.8533
2019-06-21,2.848
2019-06-24,2.863
2019-06-25,2.8635
2019-06-26,2.8585
2019-06-27,2.8574
2019-06-28,2.8484
2019-07-01,2.8581
2019-07-02,2.8331
2019-07-03,2.8059
2019-07-04,2.812
2019-07-05,2.8202
2019-07-08,2.8321
2019-07-09,2.8393
2019-07-10,2.7667
2019-07-11,2.7584
2019-07-12,2.7855
2019-07-15,2.7817
2019-07-16,2.7822
2019-07-17,2.7823
2019-07-18,2.7827
2019-07-19,2.7731
2019-07-22,2.7843
2019-07-23,2.7747
2019-07-24,2.7752
2019-07-25,2.7754
2019-07-26,2.7709
2019-07-29,2.7721
2019-07-30,2.7725
2019-07-31,2.7577
2019-08-01,2.7582
2019-08-02,2.7489
2019-08-05,2.7283
2019-08-06,2.7026
2019-08-07,2.6991
2019-08-08,2.7042
2019-08-09,2.6999
2019-08-12,2.7206
2019-08-13,2.7207
2019-08-14,2.6959
2019-08-15,2.7093
2019-08-16,2.7057
2019-08-19,2.7062
2019-08-20,2.7031
2019-08-21,2.7034
2019-08-22,2.7044
2019-08-23,2.6943
2019-08-26,2.6905
2019-08-27,2.7159
2019-08-28,2.6998
2019-08-29,2.72
2019-08-30,2.7013
2019-09-02,2.7079
2019-09-03,2.6981
2019-09-04,2.7137
2019-09-05,2.7139
2019-09-06,2.7031
2019-09-09,2.6936
2019-09-10,2.7132
2019-09-11,2.7147
2019-09-12,2.7059
2019-09-16,2.6968
2019-09-17,2.6965
2019-09-18,2.7045
2019-09-19,2.704
2019-09-20,2.707
2019-09-23,2.7031
2019-09-24,2.7092
2019-09-25,2.7008
2019-09-26,2.7075
2019-09-27,2.709
2019-09-29,2.71
2019-09-30,2.7203
2019-10-08,2.7117
2019-10-09,2.6871
2019-10-10,2.6824
2019-10-11,2.6892
2019-10-12,2.6907
2019-10-14,2.7023
2019-10-15,2.7047
2019-10-16,2.7258
2019-10-17,2.7234
2019-10-18,2.7251
2019-10-21,2.7355
2019-10-22,2.734
2019-10-23,2.724
2019-10-24,2.7159
2019-10-25,2.724
2019-10-28,2.7261
2019-10-29,2.7466
2019-10-30,2.7773
2019-10-31,2.7664
2019-11-01,2.7631
2019-11-04,2.7789
2019-11-05,2.7754
2019-11-06,2.7757
2019-11-07,2.7629
2019-11-08,2.7577
2019-11-11,2.759
2019-11-12,2.76
2019-11-13,2.771
2019-11-14,2.745
2019-11-15,2.7737
2019-11-18,2.7406
2019-11-19,2.7209
2019-11-20,2.7086
2019-11-21,2.6912
2019-11-22,2.6839
2019-11-25,2.6918
2019-11-26,2.6944
2019-11-27,2.6891
2019-11-28,2.6868
2019-11-29,2.6818
2019-12-02,2.7086
2019-12-03,2.6929
2019-12-04,2.678
2019-12-05,2.6751
2019-12-06,2.7051
2019-12-09,2.7045
2019-12-10,2.7048
2019-12-11,2.7093
2019-12-12,2.692
2019-12-13,2.6938
2019-12-16,2.7064
2019-12-17,2.7004
2019-12-18,2.6848
2019-12-19,2.6616
2019-12-20,2.6237
2019-12-23,2.5567
2019-12-24,2.5376
2019-12-25,2.531
2019-12-26,2.5059
2019-12-27,2.4927
2019-12-30,2.4743
2019-12-31,2.4784
2020-01-02,2.5316
2020-01-03,2.5366
2020-01-06,2.5048
2020-01-07,2.4926
2020-01-08,2.5038
2020-01-09,2.5122
2020-01-10,2.5068
2020-01-13,2.5118
2020-01-14,2.5118
2020-01-15,2.5017
2020-01-16,2.5094
2020-01-17,2.5115
2020-01-19,2.5104
2020-01-20,2.4929
2020-01-21,2.4772
2020-01-22,2.4792
2020-01-23,2.4793
2020-02-03,2.33
2020-02-04,2.3694
2020-02-05,2.359
2020-02-06,2.3468
2020-02-07,2.3242
2020-02-10,2.3083
2020-02-11,2.3155
2020-02-12,2.296
2020-02-13,2.2935
2020-02-14,2.3127
2020-02-17,2.3138
2020-02-18,2.2897
2020-02-19,2.3008
2020-02-20,2.3542
2020-02-21,2.3063
2020-02-24,2.2708
2020-02-25,2.2892
2020-02-26,2.2898
2020-02-27,2.2845
2020-02-28,2.2545
2020-03-02,2.2545
2020-03-03,2.2545
2020-03-04,2.2325
2020-03-05,2.2275
2020-03-06,2.185
2020-03-09,2.1004
2020-03-10,2.1504
2020-03-11,2.1204
2020-03-12,2.1372
2020-03-13,2.1593
2020-03-16,2.194
2020-03-17,2.209
2020-03-18,2.209
2020-03-19,2.1959
2020-03-20,2.1716
2020-03-23,2.1266
2020-03-24,2.0654
2020-03-25,2.0259
2020-03-26,1.9664
2020-03-27,1.9855
2020-03-30,1.9547
2020-03-31,1.9053
2020-04-01,1.9062
2020-04-02,1.9102
2020-04-03,1.9311
2020-04-07,1.6829
2020-04-08,1.5452
2020-04-09,1.6096
2020-04-10,1.6609
2020-04-13,1.6879
2020-04-14,1.6299
2020-04-15,1.5816
2020-04-16,1.5688
2020-04-17,1.5719
2020-04-20,1.5393
2020-04-21,1.4636
2020-04-22,1.3814
2020-04-23,1.3268
2020-04-24,1.3725
2020-04-26,1.3734
2020-04-27,1.3775
2020-04-28,1.368
2020-04-29,1.34
2020-04-30,1.3725
2020-05-06,1.4058
2020-05-07,1.4528
2020-05-08,1.4657
2020-05-09,1.4559
2020-05-11,1.5199
2020-05-12,1.5212
2020-05-13,1.5433
2020-05-14,1.5365
2020-05-15,1.524
2020-05-18,1.5776
2020-05-19,1.6117
2020-05-20,1.6284
2020-05-21,1.6431
2020-05-22,1.5947
2020-05-25,1.6632
2020-05-26,1.7376
2020-05-27,1.8594
2020-05-28,1.8439
2020-05-29,1.8545
2020-06-01,1.8536
2020-06-02,2.0187
2020-06-03,2.1431
2020-06-04,2.2335
2020-06-05,2.2572
2020-06-08,2.2335
2020-06-09,2.2112
2020-06-10,2.2655
2020-06-11,2.2442
2020-06-12,2.221
2020-06-15,2.243
2020-06-16,2.2844
2020-06-17,2.3373
2020-06-18,2.3294
2020-06-19,2.339
2020-06-22,2.3862
2020-06-23,2.4015
2020-06-24,2.325
2020-06-28,2.278
2020-06-29,2.2857
2020-06-30,2.2446
2020-07-01,2.2853
2020-07-02,2.2684
2020-07-03,2.2942
2020-07-06,2.4666
2020-07-07,2.4431
2020-07-08,2.5198
2020-07-09,2.5039
2020-07-10,2.504
2020-07-13,2.5845
2020-07-14,2.5509
2020-07-15,2.489
2020-07-16,2.4794
2020-07-17,2.4433
2020-07-20,2.4251
2020-07-21,2.4071
2020-07-22,2.355
2020-07-23,2.3779
2020-07-24,2.3701
2020-07-27,2.3808
2020-07-28,2.4196
2020-07-29,2.4393
2020-07-30,2.4551
2020-07-31,2.4696
2020-08-03,2.4996
2020-08-04,2.5273
2020-08-05,2.5694
2020-08-06,2.6097
2020-08-07,2.6273
2020-08-10,2.6113
2020-08-11,2.606
2020-08-12,2.6578
2020-08-13,2.6455
2020-08-14,2.6157
2020-08-17,2.6128
2020-08-18,2.6231
2020-08-19,2.6534
2020-08-20,2.6693
2020-08-21,2.6645
2020-08-24,2.6814
2020-08-25,2.729
2020-08-26,2.7483
2020-08-27,2.7796
2020-08-28,2.7909
2020-08-31,2.7775
2020-09-01,2.7885
2020-09-02,2.8446
2020-09-03,2.8745
2020-09-04,2.8918
2020-09-07,2.9166
2020-09-08,2.8986
2020-09-09,2.8517
2020-09-10,2.7796
2020-09-11,2.8101
2020-09-14,2.8195
2020-09-15,2.7695
2020-09-16,2.7418
2020-09-17,2.7502
2020-09-18,2.7317
2020-09-21,2.697
2020-09-22,2.7114
2020-09-23,2.7195
2020-09-24,2.7312
2020-09-25,2.7508
2020-09-27,2.7696
2020-09-28,2.7724
2020-09-29,2.7843
2020-09-30,2.7924
2020-10-09,2.8857
2020-10-10,2.8857
2020-10-12,2.8681
2020-10-13,2.8674
2020-10-14,2.9034
2020-10-15,2.9103
2020-10-16,2.9105
2020-10-19,2.9128
2020-10-20,2.9175
2020-10-21,2.8811
2020-10-22,2.8314
2020-10-23,2.873
2020-10-26,2.8817
2020-10-27,2.8618
2020-10-28,2.8745
2020-10-29,2.8692
2020-10-30,2.8736
2020-11-02,2.8733
2020-11-03,2.8669
2020-11-04,2.8717
2020-11-05,2.8881
2020-11-06,2.9279
2020-11-09,2.9442
2020-11-10,2.926
2020-11-11,2.9425
2020-11-12,2.9683
2020-11-13,2.9837
2020-11-16,2.9893
2020-11-17,3.0063
2020-11-18,3.05
2020-11-19,3.0998
2020-11-20,3.1128
2020-11-23,3.0703
2020-11-24,3.0977
2020-11-25,3.0653
2020-11-26,3.0633
2020-11-27,3.0622
2020-11-30,2.9737
2020-12-01,2.989
2020-12-02,3.0268
2020-12-03,3.0215
2020-12-04,3.0104
2020-12-07,3.0199
2020-12-08,2.9949
2020-12-09,2.9888
2020-12-10,2.9426
2020-12-11,2.9802
2020-12-14,2.9502
2020-12-15,2.9102
2020-12-16,2.8653
2020-12-17,2.8853
2020-12-18,2.8853
2020-12-21,2.8416
2020-12-22,2.8146
2020-12-23,2.7818
2020-12-24,2.7955
2020-12-25,2.7661
2020-12-28,2.7483
2020-12-29,2.7442
2020-12-30,2.6994
2020-12-31,2.7226
2021-01-04,2.7672
2021-01-05,2.7167
2021-01-06,2.6993
2021-01-07,2.6348
2021-01-08,2.6197
2021-01-11,2.6282
2021-01-12,2.597
2021-01-13,2.5478
2021-01-14,2.5976
2021-01-15,2.681
2021-01-18,2.7428
2021-01-19,2.7234
2021-01-20,2.6711
2021-01-21,2.6365
2021-01-22,2.6464
2021-01-25,2.6688
2021-01-26,2.7373
2021-01-27,2.7429
2021-01-28,2.7859
2021-01-29,2.8206
2021-02-01,2.7555
2021-02-02,2.7405
2021-02-03,2.8083
2021-02-04,2.8333
2021-02-05,2.8243
2021-02-07,2.8196
2021-02-08,2.8195
2021-02-09,2.7992
2021-02-10,2.8107
2021-02-18,2.8416
2021-02-19,2.7949
2021-02-20,2.7774
2021-02-22,2.7732
2021-02-23,2.7675
2021-02-24,2.7537
2021-02-25,2.768
2021-02-26,2.7863
2021-03-01,2.7771
2021-03-02,2.7839
2021-03-03,2.8212
2021-03-04,2.8484
2021-03-05,2.8235
2021-03-08,2.8193
2021-03-09,2.8494
2021-03-10,2.8706
2021-03-11,2.8842
2021-03-12,2.886
2021-03-15,2.8813
2021-03-16,2.8692
2021-03-17,2.8468
2021-03-18,2.8528
2021-03-19,2.8249
2021-03-22,2.8263
2021-03-23,2.8213
2021-03-24,2.7913
2021-03-25,2.7816
2021-03-26,2.7975
2021-03-29,2.7937
2021-03-30,2.8012
2021-03-31,2.7637
2021-04-01,2.7778
2021-04-02,2.7654
2021-04-06,2.7827
2021-04-07,2.8166
2021-04-08,2.8148
2021-04-09,2.8098
2021-04-12,2.7923
2021-04-13,2.7531
2021-04-14,2.7681
2021-04-15,2.7581
2021-04-16,2.7481
2021-04-19,2.7431
2021-04-20,2.7231
2021-04-21,2.6981
2021-04-22,2.6981
2021-04-23,2.7031
2021-04-25,2.7081
2021-04-26,2.7181
2021-04-27,2.714
2021-04-28,2.694
2021-04-29,2.674
2021-04-30,2.6564
2021-05-06,2.6439
2021-05-07,2.6214
2021-05-08,2.6206
2021-05-10,2.5956
2021-05-11,2.5731
2021-05-12,2.5981
2021-05-13,2.6181
2021-05-14,2.6181
2021-05-17,2.6383
2021-05-18,2.6333
2021-05-19,2.6133
2021-05-20,2.5883
2021-05-21,2.5733
2021-05-24,2.6031
2021-05-25,2.6164
2021-05-26,2.6046
2021-05-27,2.6205
2021-05-28,2.6356
2021-05-31,2.6578
2021-06-01,2.6493
2021-06-02,2.6695
2021-06-03,2.661
2021-06-04,2.6922
2021-06-07,2.7245
2021-06-08,2.7252
2021-06-09,2.7525
2021-06-10,2.7421
2021-06-11,2.7493
2021-06-15,2.7507
2021-06-16,2.7548
2021-06-17,2.7539
2021-06-18,2.7333
2021-06-21,2.72
2021-06-22,2.72
2021-06-23,2.6949
2021-06-24,2.6776
2021-06-25,2.6655
2021-06-28,2.6699
2021-06-29,2.6728
2021-06-30,2.6608
2021-07-01,2.6597
2021-07-02,2.6518
2021-07-05,2.6306
2021-07-06,2.6351
2021-07-07,2.6366
2021-07-08,2.5605
2021-07-09,2.5764
2021-07-12,2.5156
2021-07-13,2.5228
2021-07-14,2.5114
2021-07-15,2.5195
2021-07-16,2.5079
2021-07-19,2.5088
2021-07-20,2.4948
2021-07-21,2.4904
2021-07-22,2.4958
2021-07-23,2.4727
2021-07-26,2.4299
2021-07-27,2.4618
2021-07-28,2.5065
2021-07-29,2.4927
2021-07-30,2.452
2021-08-02,2.4332
2021-08-03,2.4532
2021-08-04,2.485
2021-08-05,2.4561
2021-08-06,2.466
2021-08-09,2.5218
2021-08-10,2.5297
2021-08-11,2.54
2021-08-12,2.5215
2021-08-13,2.5303
2021-08-16,2.5353
2021-08-17,2.5257
2021-08-18,2.4923
2021-08-19,2.486
2021-08-20,2.5005
2021-08-23,2.5001
2021-08-24,2.4935
2021-08-25,2.4954
2021-08-26,2.5141
2021-08-27,2.5012
2021-08-30,2.4897
2021-08-31,2.4911
2021-09-01,2.4738
2021-09-02,2.4779
2021-09-03,2.4774
2021-09-06,2.4978
2021-09-07,2.5175
2021-09-08,2.5241
2021-09-09,2.5195
2021-09-10,2.5082
2021-09-13,2.5381
2021-09-14,2.5386
2021-09-15,2.5509
2021-09-16,2.5517
2021-09-17,2.5185
2021-09-18,2.5222
2021-09-22,2.521
2021-09-23,2.5121
2021-09-24,2.5109
2021-09-26,2.511
2021-09-27,2.5114
2021-09-28,2.5174
2021-09-29,2.5031
2021-09-30,2.4912
2021-10-08,2.5225
2021-10-09,2.524
2021-10-11,2.5555
2021-10-12,2.5589
2021-10-13,2.5764
2021-10-14,2.5794
2021-10-15,2.5847
2021-10-18,2.6585
2021-10-19,2.6467
2021-10-20,2.627
2021-10-21,2.5891
2021-10-22,2.592
2021-10-25,2.5848
2021-10-26,2.5803
2021-10-27,2.5814
2021-10-28,2.5795
2021-10-29,2.5858
2021-11-01,2.5724
2021-11-02,2.5627
2021-11-03,2.5586
2021-11-04,2.5489
2021-11-05,2.5189
2021-11-08,2.5209
2021-11-09,2.5262
2021-11-10,2.535
2021-11-11,2.5378
2021-11-12,2.5366
2021-11-15,2.5303
2021-11-16,2.5232
2021-11-17,2.523
2021-11-18,2.5189
2021-11-19,2.5281
2021-11-22,2.5117
2021-11-23,2.5152
2021-11-24,2.4999
2021-11-25,2.4947
2021-11-26,2.4739
2021-11-29,2.4913
2021-11-30,2.5028
2021-12-01,2.5144
2021-12-02,2.5206
2021-12-03,2.5364
2021-12-06,2.4951
2021-12-07,2.5249
2021-12-08,2.5318
2021-12-09,2.529
2021-12-10,2.5182
2021-12-13,2.516
2021-12-14,2.4895
2021-12-15,2.4774
2021-12-16,2.486
2021-12-17,2.477
2021-12-20,2.5014
2021-12-21,2.5091
2021-12-22,2.4893
2021-12-23,2.4703
2021-12-24,2.4819
2021-12-27,2.4662
2021-12-28,2.4589
2021-12-29,2.4168
2021-12-30,2.3751
2021-12-31,2.3722
2022-01-04,2.3595
2022-01-05,2.3766
2022-01-06,2.4
2022-01-07,2.3965
2022-01-10,2.3738
2022-01-11,2.3387
2022-01-12,2.3396
2022-01-13,2.362
2022-01-14,2.3658
2022-01-17,2.3372
2022-01-18,2.2717
2022-01-19,2.2234
2022-01-20,2.2107
2022-01-21,2.1542
2022-01-24,2.1222
2022-01-25,2.1613
2022-01-26,2.191
2022-01-27,2.1811
2022-01-28,2.1411
2022-01-29,2.1275
2022-01-30,2.1317
2022-02-07,2.1697
2022-02-08,2.1888
2022-02-09,2.2015
2022-02-10,2.2069
2022-02-11,2.2708
2022-02-14,2.2781
2022-02-15,2.2699
2022-02-16,2.2602
2022-02-17,2.242
2022-02-18,2.2571
2022-02-21,2.2923
2022-02-22,2.3138
2022-02-23,2.3024
2022-02-24,2.2947
2022-02-25,2.2617
2022-02-28,2.2558
2022-03-01,2.2686
2022-03-02,2.2847
2022-03-03,2.3098
2022-03-04,2.2974
2022-03-07,2.2902
2022-03-08,2.2634
2022-03-09,2.2854
2022-03-10,2.2959
2022-03-11,2.2787
2022-03-14,2.2511
2022-03-15,2.3072
2022-03-16,2.322
2022-03-17,2.3212
2022-03-18,2.3
2022-03-21,2.3193
2022-03-22,2.3424
2022-03-23,2.3454
2022-03-24,2.3331
2022-03-25,2.3235
2022-03-28,2.3352
2022-03-29,2.3434
2022-03-30,2.3182
2022-03-31,2.3092
2022-04-01,2.2717
2022-04-02,2.2671
2022-04-06,2.2592
2022-04-07,2.2399
2022-04-08,2.2553
2022-04-11,2.2939
2022-04-12,2.3053
2022-04-13,2.2834
2022-04-14,2.2617
2022-04-15,2.238
2022-04-18,2.2835
2022-04-19,2.2923
2022-04-20,2.3236
2022-04-21,2.3125
2022-04-22,2.3258
2022-04-24,2.3251
2022-04-25,2.3009
2022-04-26,2.3114
2022-04-27,2.3338
2022-04-28,2.3677
2022-04-29,2.3471
2022-05-05,2.3449
2022-05-06,2.3528
2022-05-07,2.3455
2022-05-09,2.3309
2022-05-10,2.3045
2022-05-11,2.3218
2022-05-12,2.3029
2022-05-13,2.2971
2022-05-16,2.2837
2022-05-17,2.2693
2022-05-18,2.2439
2022-05-19,2.2546
2022-05-20,2.2718
2022-05-23,2.2465
2022-05-24,2.2542
2022-05-25,2.2588
2022-05-26,2.2208
2022-05-27,2.2171
2022-05-30,2.2345
2022-05-31,2.2682
2022-06-01,2.2762
2022-06-02,2.2815
2022-06-06,2.32
2022-06-07,2.3081
2022-06-08,2.3049
2022-06-09,2.289
2022-06-10,2.2908
2022-06-13,2.2987
2022-06-14,2.3008
2022-06-15,2.309
2022-06-16,2.2992
2022-06-17,2.2838
2022-06-20,2.2976
2022-06-21,2.3129
2022-06-22,2.3057
2022-06-23,2.3012
2022-06-24,2.3089
2022-06-27,2.3582
2022-06-28,2.3709
2022-06-29,2.3137
2022-06-30,2.3048
2022-07-01,2.2908
2022-07-04,2.336
2022-07-05,2.3516
2022-07-06,2.3504
2022-07-07,2.3311
2022-07-08,2.3405
2022-07-11,2.3155
2022-07-12,2.2985
2022-07-13,2.2862
2022-07-14,2.262
2022-07-15,2.254
2022-07-18,2.2574
2022-07-19,2.263
2022-07-20,2.2488
2022-07-21,2.239
2022-07-22,2.2514
2022-07-25,2.2384
2022-07-26,2.2085
2022-07-27,2.2043
2022-07-28,2.2365
2022-07-29,2.1886
2022-08-01,2.1429
2022-08-02,2.1312
2022-08-03,2.1034
2022-08-04,2.1047
2022-08-05,2.115
2022-08-08,2.1376
2022-08-09,2.1872
2022-08-10,2.2074
2022-08-11,2.2189
2022-08-12,2.2197
2022-08-15,2.1068
2022-08-16,2.1285
2022-08-17,2.1191
2022-08-18,2.09
2022-08-19,2.0999
2022-08-22,2.1217
2022-08-23,2.1305
2022-08-24,2.1334
2022-08-25,2.1524
2022-08-26,2.1504
2022-08-29,2.114
2022-08-30,2.0972
2022-08-31,2.0969
2022-09-01,2.0879
2022-09-02,2.0769
2022-09-05,2.0469
2022-09-06,2.0488
2022-09-07,2.0607
2022-09-08,2.0629
2022-09-09,2.0753
2022-09-13,2.0782
2022-09-14,2.0837
2022-09-15,2.089
2022-09-16,2.1123
2022-09-19,2.103
2022-09-20,2.0885
2022-09-21,2.0842
2022-09-22,2.0646
2022-09-23,2.0677
2022-09-26,2.0976
2022-09-27,2.1077
2022-09-28,2.1073
2022-09-29,2.1386
2022-09-30,2.1364
2022-10-08,2.1228
2022-10-09,2.1023
2022-10-10,2.0922
2022-10-11,2.0908
2022-10-12,2.1008
2022-10-13,2.0963
2022-10-14,2.077
2022-10-17,2.0795
2022-10-18,2.0829
2022-10-19,2.0812
2022-10-20,2.0887
2022-10-21,2.1054
2022-10-24,2.1026
2022-10-25,2.112
2022-10-26,2.0954
2022-10-27,2.0886
2022-10-28,2.0808
2022-10-31,2.0782
2022-11-01,2.0908
2022-11-02,2.0964
2022-11-03,2.0926
2022-11-04,2.1092
2022-11-07,2.1264
2022-11-08,2.1463
2022-11-09,2.1595
2022-11-10,2.1716
2022-11-11,2.2008
2022-11-14,2.3391
2022-11-15,2.3457
2022-11-16,2.3839
2022-11-17,2.3583
2022-11-18,2.349
2022-11-21,2.3409
2022-11-22,2.3299
2022-11-23,2.2889
2022-11-24,2.273
2022-11-25,2.2871
2022-11-28,2.3114
2022-11-29,2.3519
2022-11-30,2.3602
2022-12-01,2.3354
2022-12-02,2.3327
2022-12-05,2.3442
2022-12-06,2.4026
2022-12-07,2.3896
2022-12-08,2.4022
2022-12-09,2.4278
2022-12-12,2.435
2022-12-13,2.4937
2022-12-14,2.4294
2022-12-15,2.4319
2022-12-16,2.4274
2022-12-19,2.3974
2022-12-20,2.3973
2022-12-21,2.3973
2022-12-22,2.3772
2022-12-23,2.3497
2022-12-26,2.3672
2022-12-27,2.3972
2022-12-28,2.4064
2022-12-29,2.352
2022-12-30,2.3522
2022-12-31,2.3522
2023-01-03,2.3251
2023-01-04,2.2961
2023-01-05,2.3168
2023-01-06,2.3428
2023-01-09,2.3654
2023-01-10,2.4016
2023-01-11,2.3709
2023-01-12,2.3677
2023-01-13,2.379
2023-01-16,2.4164
2023-01-17,2.4013
2023-01-18,2.4262
2023-01-19,2.4159
2023-01-20,2.4273
2023-01-28,2.4312
2023-01-29,2.4235
2023-01-30,2.4359
2023-01-31,2.4193
2023-02-01,2.433
2023-02-02,2.4184
2023-02-03,2.4196
2023-02-06,2.4397
2023-02-07,2.44
2023-02-08,2.451
2023-02-09,2.4372
2023-02-10,2.438
2023-02-13,2.4368
2023-02-14,2.4341
2023-02-15,2.437
2023-02-16,2.4389
2023-02-17,2.4472
2023-02-20,2.486
2023-02-21,2.4923
2023-02-22,2.483
2023-02-23,2.4947
2023-02-24,2.492
2023-02-27,2.4942
2023-02-28,2.4885
2023-03-01,2.4682
2023-03-02,2.4753
2023-03-03,2.4647
2023-03-06,2.4473
2023-03-07,2.432
2023-03-08,2.4403
2023-03-09,2.4374
2023-03-10,2.4308
2023-03-13,2.4381
2023-03-14,2.4316
2023-03-15,2.4329
2023-03-16,2.4246
2023-03-17,2.4134
2023-03-20,2.3896
2023-03-21,2.4025
2023-03-22,2.405
2023-03-23,2.408
2023-03-24,2.4078
2023-03-27,2.4068
2023-03-28,2.4148
2023-03-29,2.4101
2023-03-30,2.4106
2023-03-31,2.3918
2023-04-03,2.4009
2023-04-04,2.4041
2023-04-06,2.4104
2023-04-07,2.4082
2023-04-10,2.4099
2023-04-11,2.4078
2023-04-12,2.401
2023-04-13,2.4044
2023-04-14,2.4074
2023-04-17,2.4113
2023-04-18,2.4053
2023-04-19,2.4061
2023-04-20,2.4065
2023-04-21,2.4056
2023-04-23,2.4095
2023-04-24,2.4063
2023-04-25,2.4056
2023-04-26,2.3922
2023-04-27,2.3534
2023-04-28,2.3548
2023-05-04,2.3424
2023-05-05,2.3025
2023-05-06,2.304
2023-05-08,2.3254
2023-05-09,2.319
2023-05-10,2.2949
2023-05-11,2.2703
2023-05-12,2.2693
2023-05-15,2.2913
2023-05-16,2.2992
2023-05-17,2.3044
2023-05-18,2.3063
2023-05-19,2.2836
2023-05-22,2.256
2023-05-23,2.2264
2023-05-24,2.245
2023-05-25,2.2482
2023-05-26,2.2449
2023-05-29,2.2288
2023-05-30,2.2145
2023-05-31,2.1864
2023-06-01,2.1748
2023-06-02,2.1907
2023-06-05,2.1639
2023-06-06,2.1279
2023-06-07,2.1366
2023-06-08,2.1609
2023-06-09,2.1508
2023-06-12,2.1696
2023-06-13,2.1372
2023-06-14,2.1428
2023-06-15,2.1756
2023-06-16,2.2058
2023-06-19,2.2083
2023-06-20,2.1938
2023-06-21,2.1843
2023-06-25,2.1804
2023-06-26,2.1777
2023-06-27,2.19
2023-06-28,2.1858
2023-06-29,2.1686
2023-06-30,2.1447
2023-07-03,2.1429
2023-07-04,2.1347
2023-07-05,2.1333
2023-07-06,2.1262
2023-07-07,2.1162
2023-07-10,2.1237
2023-07-11,2.13
2023-07-12,2.147
2023-07-13,2.1491
2023-07-14,2.1444
2023-07-17,2.1356
2023-07-18,2.1277
2023-07-19,2.1264
2023-07-20,2.1245
2023-07-21,2.1171
2023-07-24,2.1197
2023-07-25,2.1725
2023-07-26,2.1602
2023-07-27,2.1429
2023-07-28,2.1561
2023-07-31,2.1646
2023-08-01,2.1552
2023-08-02,2.1451
2023-08-03,2.1212
2023-08-04,2.1301
2023-08-07,2.1431
2023-08-08,2.14
2023-08-09,2.1428
2023-08-10,2.152
2023-08-11,2.147
2023-08-14,2.1417
2023-08-15,2.1193
2023-08-16,2.1125
2023-08-17,2.1251
2023-08-18,2.1176
2023-08-21,2.1092
2023-08-22,2.1168
2023-08-23,2.1239
2023-08-24,2.1189
2023-08-25,2.1504
2023-08-28,2.1771
2023-08-29,2.1875
2023-08-30,2.1497
2023-08-31,2.1497
2023-09-01,2.1765
2023-09-04,2.1973
2023-09-05,2.1919
2023-09-06,2.2409
2023-09-07,2.2519
2023-09-08,2.2511
2023-09-11,2.2601
2023-09-12,2.2492
2023-09-13,2.2233
2023-09-14,2.2195
2023-09-15,2.2395
2023-09-18,2.2695
2023-09-19,2.2895
2023-09-20,2.287
2023-09-21,2.2719
2023-09-22,2.2843
2023-09-25,2.307
2023-09-26,2.3243
2023-09-27,2.3106
2023-09-28,2.2759
2023-10-07,2.2612
2023-10-08,2.2619
2023-10-09,2.3003
2023-10-10,2.3459
2023-10-11,2.3889
2023-10-12,2.3624
2023-10-13,2.3481
2023-10-16,2.3804
2023-10-17,2.4053
2023-10-18,2.4308
2023-10-19,2.4498
2023-10-20,2.425
2023-10-23,2.4106
2023-10-24,2.4118
2023-10-25,2.3615
2023-10-26,2.3885
2023-10-27,2.3835
2023-10-30,2.3725
2023-10-31,2.3611
2023-11-01,2.3817
2023-11-02,2.3524
2023-11-03,2.3713
2023-11-06,2.3766
2023-11-07,2.4122
2023-11-08,2.3839
2023-11-09,2.4012
2023-11-10,2.3808
2023-11-13,2.3736
2023-11-14,2.3757
2023-11-15,2.3493
2023-11-16,2.3381
2023-11-17,2.3423
2023-11-20,2.3641
2023-11-21,2.3942
2023-11-22,2.4135
2023-11-23,2.4402
2023-11-24,2.4563
2023-11-27,2.4719
2023-11-28,2.4369
2023-11-29,2.446
2023-11-30,2.4259
2023-12-01,2.4169
2023-12-04,2.4576
2023-12-05,2.4514
2023-12-06,2.4776
2023-12-07,2.4427
2023-12-08,2.4375
2023-12-11,2.435
2023-12-12,2.4359
2023-12-13,2.3905
2023-12-14,2.3674
2023-12-15,2.3402
2023-12-18,2.329
2023-12-19,2.3632
2023-12-20,2.3709
2023-12-21,2.3461
2023-12-22,2.3213
2023-12-25,2.2887
2023-12-26,2.2559
2023-12-27,2.2212
2023-12-28,2.223
2023-12-29,2.2098
2023-12-31,2.2098
2024-01-02,2.2462
2024-01-03,2.2558
2024-01-04,2.2554
2024-01-05,2.2369
2024-01-08,2.2558
2024-01-09,2.2388
2024-01-10,2.254
2024-01-11,2.2398
2024-01-12,2.2428
2024-01-15,2.2561
2024-01-16,2.2734
2024-01-17,2.2638
2024-01-18,2.2581
2024-01-19,2.2392
2024-01-22,2.2383
2024-01-23,2.2499
2024-01-24,2.2239
2024-01-25,2.1874
2024-01-26,2.1889
2024-01-29,2.1467
2024-01-30,2.1166
2024-01-31,2.1336
2024-02-01,2.1499
2024-02-02,2.137
2024-02-04,2.111
2024-02-05,2.1457
2024-02-06,2.1967
2024-02-07,2.1563
2024-02-08,2.1496
2024-02-09,2.1496
2024-02-18,2.1522
2024-02-19,2.1511
2024-02-20,2.1241
2024-02-21,2.1133
2024-02-22,2.0703
2024-02-23,2.0787
2024-02-26,2.0663
2024-02-27,2.0913
2024-02-28,2.0687
2024-02-29,2.0526
2024-03-01,2.0964
2024-03-04,2.0862
2024-03-05,2.0706
2024-03-06,2.0337
2024-03-07,2.052
2024-03-08,2.0617
2024-03-11,2.0754
2024-03-12,2.1072
2024-03-13,2.1025
2024-03-14,2.1013
2024-03-15,2.081
2024-03-18,2.0435
2024-03-19,2.0023
2024-03-20,2.0031
2024-03-21,1.9836
2024-03-22,1.9791
2024-03-25,1.9596
2024-03-26,1.9549
2024-03-27,1.941
2024-03-28,1.9415
2024-03-29,1.9017
2024-04-01,1.9129
2024-04-02,1.8958
2024-04-03,1.8886
2024-04-07,1.8886
2024-04-08,1.863
2024-04-09,1.8562
2024-04-10,1.856
2024-04-11,1.8538
2024-04-12,1.8465
2024-04-15,1.8688
2024-04-16,1.8785
2024-04-17,1.8769
2024-04-18,1.8543
2024-04-19,1.851
2024-04-22,1.8411
2024-04-23,1.8266
2024-04-24,1.8542
2024-04-25,1.8279
2024-04-26,1.8937
2024-04-28,1.8927
2024-04-29,1.9494
2024-04-30,1.9032
2024-05-06,1.905
2024-05-07,1.8776
2024-05-08,1.8835
2024-05-09,1.8886
2024-05-10,1.8794
2024-05-11,1.893
2024-05-13,1.8564
2024-05-14,1.847
2024-05-15,1.8364
2024-05-16,1.848
2024-05-17,1.8324
2024-05-20,1.8362
2024-05-21,1.8458
2024-05-22,1.836
2024-05-23,1.8217
2024-05-24,1.8278
2024-05-27,1.8372
2024-05-28,1.832
2024-05-29,1.818
2024-05-30,1.8104
2024-05-31,1.7987
2024-06-03,1.7862
2024-06-04,1.7858
2024-06-05,1.7785
2024-06-06,1.7759
2024-06-07,1.7634
2024-06-11,1.7594
2024-06-12,1.7688
2024-06-13,1.7841
2024-06-14,1.7762
2024-06-17,1.7862
2024-06-18,1.7772
2024-06-19,1.7112
2024-06-20,1.6964
2024-06-21,1.6917
2024-06-24,1.7054
2024-06-25,1.6809
2024-06-26,1.656
2024-06-27,1.6381
2024-06-28,1.6335
2024-07-01,1.6546
2024-07-02,1.6452
2024-07-03,1.6357
2024-07-04,1.6385
2024-07-05,1.6479
2024-07-08,1.6769
2024-07-09,1.6364
2024-07-10,1.6369
2024-07-11,1.6353
2024-07-12,1.6224
2024-07-15,1.6314
2024-07-16,1.6244
2024-07-17,1.6145
2024-07-18,1.617
2024-07-19,1.6081
2024-07-22,1.5624
2024-07-23,1.5425
2024-07-24,1.5298
2024-07-25,1.5142
2024-07-26,1.5296
2024-07-29,1.5331
2024-07-30,1.5339
2024-07-31,1.5252
2024-08-01,1.5259
2024-08-02,1.5282
2024-08-05,1.5185
2024-08-06,1.5277
2024-08-07,1.5228
2024-08-08,1.5466
2024-08-09,1.5739
2024-08-12,1.6505
2024-08-13,1.6443
2024-08-14,1.6517
2024-08-15,1.6837
2024-08-16,1.6719
2024-08-19,1.6717
2024-08-20,1.6708
2024-08-21,1.6548
2024-08-22,1.6297
2024-08-23,1.576
2024-08-26,1.5542
2024-08-27,1.5542
2024-08-28,1.5364
2024-08-29,1.525
2024-08-30,1.5197
2024-09-02,1.4853
2024-09-03,1.4526
2024-09-04,1.4595
2024-09-05,1.4517
2024-09-06,1.4425
2024-09-09,1.4234
2024-09-10,1.3868
2024-09-11,1.3325
2024-09-12,1.347
2024-09-13,1.35
2024-09-14,1.334
2024-09-18,1.359
2024-09-19,1.394
2024-09-20,1.3814
2024-09-23,1.389
2024-09-24,1.419
2024-09-25,1.369
2024-09-26,1.389
2024-09-27,1.439
2024-09-29,1.489
2024-09-30,1.459
2024-10-08,1.519
2024-10-09,1.567
2024-10-10,1.5806
2024-10-11,1.56
2024-10-12,1.555
2024-10-14,1.5556
2024-10-15,1.5557
2024-10-16,1.5455
2024-10-17,1.4838
2024-10-18,1.5048
2024-10-21,1.5267
2024-10-22,1.5538
2024-10-23,1.5708
2024-10-24,1.5603
2024-10-25,1.4975
2024-10-28,1.5042
2024-10-29,1.4898
2024-10-30,1.4731
2024-10-31,1.4482
2024-11-01,1.4338
2024-11-04,1.4297
2024-11-05,1.4396
2024-11-06,1.439
2024-11-07,1.4228
2024-11-08,1.4175
2024-11-11,1.4131
2024-11-12,1.4081
2024-11-13,1.4209
2024-11-14,1.4146
2024-11-15,1.4034
2024-11-18,1.4055
2024-11-19,1.4016
2024-11-20,1.3974
2024-11-21,1.3836
2024-11-22,1.389
2024-11-25,1.3852
2024-11-26,1.3902
2024-11-27,1.3926
2024-11-28,1.3881
2024-11-29,1.3671
2024-12-02,1.3229
2024-12-03,1.328
2024-12-04,1.3039
2024-12-05,1.3037
2024-12-06,1.3184
2024-12-09,1.3165
2024-12-10,1.2645
2024-12-11,1.2644
2024-12-12,1.2261
2024-12-13,1.177
2024-12-16,1.1598
2024-12-17,1.1734
2024-12-18,1.1405
2024-12-19,1.131
2024-12-20,1.0706
2024-12-23,1.0596
2024-12-24,1.0521
2024-12-25,1.0814
2024-12-26,1.1
2024-12-27,1.132
2024-12-30,1.152
2024-12-31,1.137
2025-01-02,1.1011
2025-01-03,1.0205
2025-01-06,1.0133
2025-01-07,1.0483
2025-01-08,1.0908
2025-01-09,1.1708
2025-01-10,1.2112
2025-01-13,1.2516
2025-01-14,1.221
2025-01-15,1.2135
2025-01-16,1.2366
2025-01-17,1.2708
2025-01-20,1.2755
2025-01-21,1.2506
2025-01-22,1.2554
2025-01-23,1.2804
2025-01-24,1.3004
2025-01-26,1.3154
2025-01-27,1.2515
2025-02-05,1.2521
2025-02-06,1.2129
2025-02-07,1.237
2025-02-08,1.237
2025-02-10,1.2721
2025-02-11,1.2736
2025-02-12,1.2758
2025-02-13,1.3023
2025-02-14,1.3606
2025-02-17,1.3854
2025-02-18,1.3916
2025-02-19,1.3676
2025-02-20,1.4267
2025-02-21,1.4706
2025-02-24,1.4726
2025-02-25,1.4449
2025-02-26,1.4239
2025-02-27,1.4639
2025-02-28,1.4253
2025-03-03,1.3834
2025-03-04,1.4056
2025-03-05,1.3995
2025-03-06,1.447
2025-03-07,1.507
2025-03-10,1.5355
2025-03-11,1.5975
2025-03-12,1.5578
2025-03-13,1.5644
2025-03-14,1.5474
2025-03-17,1.5774
2025-03-18,1.5374
2025-03-19,1.6027
2025-03-20,1.555
2025-03-21,1.5804
2025-03-24,1.5863
2025-03-25,1.5811
2025-03-26,1.561
2025-03-27,1.5508
2025-03-28,1.5302
2025-03-31,1.5663
2025-04-01,1.5791
2025-04-02,1.5611
2025-04-03,1.4853
2025-04-07,1.4278
2025-04-08,1.4703
2025-04-09,1.4328
2025-04-10,1.4053
2025-04-11,1.3979
2025-04-14,1.4131
2025-04-15,1.423
2025-04-16,1.4261
2025-04-17,1.4413
2025-04-18,1.4495
2025-04-21,1.4618
2025-04-22,1.4567
2025-04-23,1.4725
2025-04-24,1.4781
2025-04-25,1.4838
2025-04-27,1.4788
2025-04-28,1.483
2025-04-29,1.4616
2025-04-30,1.4507
2025-05-06,1.454
2025-05-07,1.4415
2025-05-08,1.4067
2025-05-09,1.4296
2025-05-12,1.4375
2025-05-13,1.4167
2025-05-14,1.4356
2025-05-15,1.454
2025-05-16,1.4749
2025-05-19,1.4645
2025-05-20,1.4834
2025-05-21,1.4775
2025-05-22,1.4801
2025-05-23,1.4747
2025-05-26,1.4676
2025-05-27,1.4723
2025-05-28,1.4755
2025-05-29,1.4875
2025-05-30,1.4617
2025-06-03,1.4831
2025-06-04,1.462
2025-06-05,1.4391
2025-06-06,1.4257
2025-06-09,1.4286
2025-06-10,1.4331
2025-06-11,1.4186
2025-06-12,1.4263
2025-06-13,1.4132
2025-06-16,1.4032
2025-06-17,1.3712
2025-06-18,1.3701
2025-06-19,1.3701
2025-06-20,1.3662
2025-06-23,1.3683
2025-06-24,1.3733
2025-06-25,1.3728
2025-06-26,1.3703
2025-06-27,1.3605
2025-06-30,1.3635
2025-07-01,1.3663
2025-07-02,1.3586
2025-07-03,1.3611
2025-07-04,1.3534
2025-07-07,1.3508
2025-07-08,1.3633
2025-07-09,1.3771
2025-07-10,1.3965
2025-07-11,1.3995
2025-07-14,1.4127
2025-07-15,1.3921
2025-07-16,1.3875
2025-07-17,1.3851
2025-07-18,1.3803
2025-07-21,1.3908
2025-07-22,1.3934
2025-07-23,1.4087
2025-07-24,1.4556
2025-07-25,1.4355
2025-07-28,1.4155
2025-07-29,1.4445
2025-07-30,1.4289
2025-07-31,1.4195
2025-08-01,1.4258
2025-08-04,1.4253
2025-08-05,1.4253
2025-08-06,1.4154
2025-08-07,1.4054
2025-08-08,1.3956
2025-08-11,1.4061
2025-08-12,1.4096
2025-08-13,1.3996
2025-08-14,1.4023
2025-08-15,1.4021
2025-08-18,1.4342
2025-08-19,1.4273
2025-08-20,1.4398
2025-08-21,1.4373
2025-08-22,1.4341
2025-08-25,1.4194
2025-08-26,1.417
2025-08-27,1.411
2025-08-28,1.4184
2025-08-29,1.4042
2025-09-01,1.3994
2025-09-02,1.3994
2025-09-03,1.385
2025-09-04,1.4036
2025-09-05,1.4081
2025-09-08,1.4065
2025-09-09,1.4205
2025-09-10,1.4298
2025-09-11,1.4177
2025-09-12,1.4295
2025-09-15,1.4245
2025-09-16,1.4095
2025-09-17,1.4345
2025-09-18,1.4806
2025-09-19,1.4859
2025-09-22,1.4908
2025-09-23,1.5015
2025-09-24,1.5163
2025-09-25,1.5211
2025-09-26,1.5125
2025-09-28,1.5038
2025-09-29,1.5081
2025-09-30,1.4934
2025-10-09,1.4857
2025-10-10,1.5016
2025-10-11,1.4822
2025-10-13,1.4922
2025-10-14,1.494
2025-10-15,1.4997
2025-10-16,1.4981
2025-10-17,1.494
2025-10-20,1.5014
2025-10-21,1.4961
2025-10-22,1.5011
2025-10-23,1.4961
2025-10-24,1.4923
2025-10-27,1.4814
2025-10-28,1.4408
2025-10-29,1.4063
2025-10-30,1.4067
2025-10-31,1.4022
2025-11-03,1.4143
2025-11-04,1.4233
2025-11-05,1.431
2025-11-06,1.4342
2025-11-07,1.4337
2025-11-10,1.4322
2025-11-11,1.433
2025-11-12,1.4319
2025-11-13,1.428
2025-11-14,1.4312
2025-11-17,1.4312
2025-11-18,1.4311
2025-11-19,1.4299
2025-11-20,1.4291
2025-11-21,1.4303
2025-11-24,1.4313
2025-11-25,1.43
2025-11-26,1.4342
2025-11-27,1.4317
2025-11-28,1.4183
2025-12-01,1.4162
2025-12-02,1.4166
2025-12-03,1.4137
2025-12-04,1.4054
2025-12-05,1.4036
2025-12-08,1.4034
2025-12-09,1.3987
2025-12-10,1.3886
2025-12-11,1.3919
2025-12-12,1.3951
2025-12-15,1.3986
2025-12-16,1.4036
2025-12-17,1.4001
2025-12-18,1.3876
2025-12-19,1.3752
2025-12-22,1.3652
2025-12-23,1.3502
2025-12-24,1.3401
2025-12-25,1.3358
2025-12-26,1.3378
2025-12-29,1.3438
2025-12-30,1.3555
2025-12-31,1.3605
2026-01-04,1.3522
2026-01-05,1.3813
2026-01-06,1.3988
2026-01-07,1.4388
2026-01-08,1.4388
2026-01-09,1.4362
2026-01-12,1.4392
2026-01-13,1.4386
2026-01-14,1.4344
2026-01-15,1.4241
2026-01-16,1.4043
2026-01-19,1.4072
2026-01-20,1.3949
2026-01-21,1.3994
2026-01-22,1.4034
2026-01-23,1.3959
2026-01-26,1.4034
2026-01-27,1.4098
2026-01-28,1.3988
2026-01-29,1.3908
2026-01-30,1.3765
2026-02-02,1.3852
2026-02-03,1.3772
2026-02-04,1.3769
2026-02-05,1.3634
2026-02-06,1.3597
2026-02-09,1.3577
2026-02-10,1.3552
2026-02-11,1.358
2026-02-12,1.3576
2026-02-13,1.3577
2026-02-14,1.3542
2026-02-24,1.3569
2026-02-25,1.3608
2026-02-26,1.3657
2026-02-27,1.3638
2026-02-28,1.3589
2026-03-02,1.3579
2026-03-03,1.3508
2026-03-04,1.3349
2026-03-05,1.3486
2026-03-06,1.3432
2026-03-09,1.3605
2026-03-10,1.3622
2026-03-11,1.3639
2026-03-12,1.3614
2026-03-13,1.3532
2026-03-16,1.3593
2026-03-17,1.3393
2026-03-18,1.3205
2026-03-19,1.3106
2026-03-20,1.3087
2026-03-23,1.3163
2026-03-24,1.3112
2026-03-25,1.3123
2026-03-26,1.3023
2026-03-27,1.2964
2026-03-30,1.2672
2026-03-31,1.2746
2026-04-01,1.285
2026-04-02,1.2899
2026-04-03,1.3033
2026-04-07,1.3023
2026-04-08,1.3215
2026-04-09,1.3266
2026-04-10,1.3289
2026-04-13,1.3271
2026-04-14,1.3204
2026-04-15,1.3108
2026-04-16,1.3084
2026-04-17,1.2936
2026-04-20,1.2923
2026-04-21,1.2812
2026-04-22,1.2601
2026-04-23,1.255
2026-04-24,1.2393
2026-04-27,1.259
2026-04-28,1.264
2026-04-29,1.2565
2026-04-30,1.2552
2026-05-06,1.2802
2026-05-07,1.2721
2026-05-08,1.2808
2026-05-09,1.2777
2026-05-11,1.2779
2026-05-12,1.2776
2026-05-13,1.2717
2026-05-14,1.2743
2026-05-15,1.2733
2026-05-18,1.2684
2026-05-19,1.2617
2026-05-20,1.2552
2026-05-21,1.2583
2026-05-22,1.2623
2026-05-25,1.2561
2026-05-26,1.2513
2026-05-27,1.2378
2026-05-28,1.2264
2026-05-29,1.2256
2026-06-01,1.2276
2026-06-02,1.2285
2026-06-03,1.2352
2026-06-04,1.2369
2026-06-05,1.2376
2026-06-08,1.2587
2026-06-09,1.2706
