证券代码,证券简称,上市日期,净利润_万元,营业收入_万元,EBITDA_万元,市值_万元,PE,PS,EVEBITDA,Beta,数据来源说明
300001.SZ,精工精密,2019-04-11,42100,452000,78600,672000,15.96,1.49,8.55,0.92,原始导出
300002.SZ,富临结构,2020-07-23,22800,231000,41500,372000,16.32,1.61,8.96,0.98,原始导出
300003.SZ,东兴模组,2017-11-30,31500,288000,55200,498000,15.81,1.73,9.02,0.95,原始导出
300004.SZ,华威精工,2021-09-15,18600,197000,34200,291000,15.65,1.48,8.51,0.89,原始导出
300005.SZ,润泽科技,2016-03-08,56300,610000,102000,929000,16.50,1.52,9.11,1.02,原始导出
300006.SZ,安捷制造,2022-06-20,12900,143000,24800,205000,15.89,1.43,8.27,0.94,原始导出
300007.SZ,明泰材料,2018-12-05,38400,336000,61600,610000,15.89,1.82,9.90,0.97,原始导出
300008.SZ,正泰结构,2020-03-27,27400,259000,46900,443000,16.17,1.71,9.45,0.93,原始导出
300009.SZ,晶合智造,2019-10-18,45700,398000,72800,741000,16.21,1.86,10.18,1.05,原始导出
300010.SZ,天元精密,2021-12-09,16300,158000,28600,262000,16.07,1.66,9.16,0.91,原始导出
300014.SZ,远景精工,2018-06-30,29600,302000,53400,488000,16.49,1.62,9.14,0.99,原始导出
300015.SZ,中和智造,2017-02-22,35100,366000,63200,588000,16.75,1.61,9.30,1.00,原始导出
300011.SZ,恒顺科技,2015-05-20,-8600,88000,-3200,156000,0.00,1.77,0.00,1.24,原始导出
300012.SZ,ST 蓝光,2014-08-11,-23400,61000,-15000,98000,0.00,1.61,0.00,1.55,原始导出
300013.SZ,新亚电子,2026-02-14,9800,96000,17600,172000,17.55,1.79,9.77,1.01,原始导出
300001.SZ,精工精密,2019-04-11,42100,452000,78600,672000,15.96,1.49,8.55,0.92,原始导出
