metric,adopted_value,adopted_source,competing_value(s),disposition
2023A Revenue,804.029,SEC-01 (Priority 1),INT-01 flash 806.200; segment-sum 941.252 (magnitude err),Used SEC-01; rejected INT-01 (ref only) & corrupted segment Other
2023A Net income (loss),-90.824,SEC-01,-,Used SEC-01
2023A Mgmt Adjusted EBITDA,-69.275,SEC-01,INT-01 flash -66.100,Used SEC-01; INT-01 ref only (CP-02)
2023A SBC & related taxes,49.086,SEC-01,sbc_detail TOTAL row 49.680,Used SEC-01/components 49.086; TOTAL row transposed
2023A Restructuring,8.098,SEC-01,-,Ties to detail; CP-04 no double count
2023A Free Cash Flow,-84.838,SEC-01,INT-01 flash -82.400,Used SEC-01
2023A Cash & equivalents,401.176,SEC-01,-,Used SEC-01 (net cash bridge CP-08)
2023A Marketable securities,811.946,SEC-01,legacy excludes mkt sec,Included per CP-08 (legacy error)
Underwriting-basis EBITDA,-118.361,computed CP-03/04,legacy keeps SBC addback,Removed SBC addback; remains negative
2024E growth,0.22,CP-06 / UW assumptions,legacy uses 2023A as denominator,"Internal assumption, NOT public fact"
2024E Revenue,980.915,computed CP-06,-,804.029 x 1.22
Peer EV/Rev range,4.0x-5.0x,CP-07 Committee_Peer_Set,v2 3.5x-5.5x; BankA 4.0-5.0; BankB 4.2-5.1,Used v3 committee set; banks cross-check only
Execution discount,0.125,CP-09,v2 10%; legacy 0%,Used v3 12.5%
Support price range,$31.27-$37.25,computed,-,midpoint $34.26
Proposed price,$34.00,UW-01 Offering_Terms,filing range $31-$34 (SEC-03),Decision input; in support range
Primary shares (base),15.276527,SEC-03/CP-10,legacy treats all 22.0m as primary,15.276527m primary only
Secondary shares,6.723473,SEC-03/CP-10,legacy adds to company proceeds & shares,"No company proceeds, no new shares"
Greenshoe,3.3,SEC-03/CP-11,legacy includes in Base,Excluded from Base; full-exercise separate
Fee rate / base,0.050 on primary gross,CP-12/SEC-10,legacy fee on primary+secondary,5% on company primary gross only
Fixed expenses,7.0,CP-12,-,Once; not repeated on greenshoe
Net primary proceeds (base),486.432,computed,-,gross-fee-fixed
Post-money shares (base),158.993090,computed CP-10,legacy adds secondary,pre-money + primary only
SEC-02 NTBV/dilution,11.17/21.33,SEC-02,-,"Independent @ $32.50; cross-check only, not price-setting"
Disposition,Proceed,CP-14/15,legacy moves above $34 on peer-high,"in range, |dist mid|=0.26<=0.50"
