2024E_growth \ EV_Revenue_multiple,4.00x,4.25x,4.50x,4.75x,5.00x
14%,29.7082,31.1033,32.4985,33.8936,35.2887
18%,30.4914,31.9355,33.3796,34.8237,36.2678
22%,31.2747,32.7677,34.2607,35.7538,37.2468
26%,32.0579,33.5999,35.1419,36.6839,38.2259
30%,32.8411,34.4321,36.023,37.614,39.2049

Marker,Value_usd_per_share,Note
"Base case (22% growth, 4.5x, discounted)",34.2607,support midpoint
"Low band (4.0x, discounted)",31.2747,support low
"High band (5.0x, discounted)",37.2468,support high
Proposed committee price,34.0,decision input (not realized result)
