step,item,fy2022_usd_mm,fy2023_usd_mm,basis_source,policy_clause,note
1,起点: Management Adjusted EBITDA (非 GAAP),-108.393,-69.275,"SEC-01 (P1, S-1/A 2024-03-11)",CP-03,"管理层口径起点; 不在审计意见覆盖范围 (SEC-14); 竞争值 INT-01 flash -66.100 (P9 未审, 弃用)"
2,调整: 剔除 SBC 及相关税费加回 (SBC=持续性经济成本),-55.768,-49.086,SEC-01 SBC 行 + sbc_detail 分项和,CP-03,承销口径不保留该加回; v2 '暂予保留' 条款已作废; 算式 FY2023: -69.275 - 49.086
3,调整: 重组费用二次加回 = 0 (禁止 double count),0.0,0.0,SEC-01 Restructuring 行 (FY2023=8.098),CP-04,"重组已含于管理层 Adjusted EBITDA 调整, 不再重复处理 (SEC-07 同旨)"
4,= Underwriting EBITDA (承销口径),-164.161,-118.361,计算值,CP-03/CP-04,"仍为负 → 主估值采用 EV/2024E Revenue (CP-05), 不得用 EV/EBITDA"
5,Memo: Net income (loss),-158.55,-90.824,SEC-01,-,非 GAAP 调节的 GAAP 起点 (SEC-13)
6,Memo: SBC & related taxes (总额),55.768,49.086,SEC-01 / sbc_detail 分项和,CP-03,FY2023 分项和 49.086 与 SEC-01 一致; 明细 TOTAL 行 49.680 为计算错误已弃用
7,Memo: Restructuring costs,0.0,8.098,SEC-01 / restructuring_detail,CP-04,分项 5.998+1.400+0.700=8.098 三向一致
8,Memo: D&A,8.0,13.702,SEC-01,-,"管理层调整项之一, 承销口径不再调整"
9,Memo: Free Cash Flow,-100.254,-84.838,SEC-01 / fcf_bridge,CP-13,"FY2023: -52.026 + (-32.812) = -84.838; 为负, 须与 EBITDA 一并在备忘录披露"
10,Memo: 年末 Cash & cash equivalents,435.81,401.176,SEC-01 / balance_sheet / cash_flow 期末,CP-08,三表勾稽一致
11,Memo: 年末 Marketable securities,830.734,811.946,SEC-01 / balance_sheet,CP-08,"可变现金融资产, 净现金桥必须计入 (legacy 遗漏已纠正)"
12,Memo: 净现金桥合计 (cash + marketable securities),1266.544,1213.122,计算值,CP-08,"FY2023: 401.176 + 811.946 = 1,213.122 → 进入 pre-money equity 桥"
