metric,value_used,unit,source_used,priority,competing_values,disposition_reason
FY2023 Revenue,804.029,USD mm,SEC-01 (sec_filings/SEC-01_financials_extract.xlsx),1,INT-01 flash 806.2; IR 草稿 806.2; 月度明细原始加总 870.529,SEC-01 为经审计注册说明书摘录(P1); INT-01 为未审 IR 初稿(P9)且邮件明令不得入结论; 明细异常行已剔除
FY2022 Revenue,666.701,USD mm,SEC-01,1,月度明细原始加总 723.801 (含重复行),重复行去重后勾稽一致; 以 SEC-01 为准
FY2023 Net income (loss),-90.824,USD mm,SEC-01,1,无,唯一权威来源; 利润表内部勾稽一致
FY2023 Management Adj. EBITDA,-69.275,USD mm,"SEC-01 (非 GAAP, 管理层口径)",1,INT-01 flash -66.1,"非 GAAP 指标以 SEC-01 披露为准; flash 为 P9 未审初稿, 弃用"
FY2023 SBC & related taxes,49.086,USD mm,SEC-01 + sbc_detail 分项和,1,sbc_detail TOTAL 行 49.680; INT-01 flash 47.300,分项和 49.086 与 SEC-01 一致; TOTAL 行为计算错误弃用; flash P9 弃用
FY2023 Restructuring,8.098,USD mm,SEC-01 + restructuring_detail 分项和,1,无,"分项=TOTAL=SEC-01, 三向一致"
FY2023 Free Cash Flow,-84.838,USD mm,SEC-01 + fcf_bridge,1,INT-01 flash -82.4,OCF+capex 勾稽一致; flash P9 弃用
YE2023 Cash & equivalents,401.176,USD mm,SEC-01 / balance_sheet / cash_flow 期末,1,无,三表一致
YE2023 Marketable securities,811.946,USD mm,SEC-01 / balance_sheet,1,legacy 模型未计入,CP-08 要求全额入净现金桥; legacy 遗漏已纠正
2023-12 月度收入,68.979,USD mm,SEC-01 (monthly_revenue 行 Source_ID=SEC-01),1,INT-01 行 66.500 (preliminary 残留),"CP-02 优先级 + Deal Captain 邮件: 12 月 preliminary 残留弃用, 采用 S-1/A 审计版"
Primary shares (base),15.276527,mm shares,SEC-03 / Offering_Terms / CP-10,1,legacy 将 22.0m 全部视为 primary,SEC-03(P1) 与委员会政策一致; legacy 口径错误已纠正
Secondary shares (base),6.723473,mm shares,SEC-03 / Offering_Terms / CP-10,1,legacy 计入公司股数与募集,secondary 不形成公司募集、不增公司总股数
Greenshoe,3.3,mm shares,SEC-03 / CP-11,1,legacy 预设入 Base,"Base 排除, full-exercise 单列"
Public preliminary range,31.0-34.0,USD/share,SEC-03,1,无,"仅作执行交叉参考, 不等于委员会支持区间"
Pre-money 经济口径股数,143.716563,mm shares,UW-01 cap_table_snapshot (=SEC-09 分项和),1,SEC-16 注册股数 141.200 (不含未结算 RSU); SEC-16 2023-12-31 流通 138.900,"估值每股口径采用委员会经济口径快照; 注册股数为不同口径, 跨口径调节材料未载明→待核实"
2024E revenue growth,0.22,%,UW-01 Underwriting_Assumptions (CP-06),1,sector_benchmark 行业中位 18% (背景资料),"内部委员会假设, 非 SEC 公开事实; 行业基准仅作背景, 不改假设"
Peer EV/NTM Revenue 区间,4.0x-5.0x (中点 4.5x),x,UW-01 Committee_Peer_Set (CP-07),1,BANK-B comps 4.2x-5.1x; BANK-A comps 4.0x-5.0x; sector_benchmark 中位 4.4x; peer_multiples_history 2024Q1 4.4x,CP-07 区间端点以 committee peer set 为准; 承销商 comps 仅交叉验证 (BANK-A 与 committee 一致; BANK-B 端点 4.2/5.1 不采用); peer 等权均值 4.52x≈中点 4.5x 印证
IPO execution discount,0.125,%,UW-01 (CP-09),1,v2 政策 10% (已作废); legacy 0% (错误),v3 为现行控制口径; 折扣作用于 peer-implied 每股价值 (邮件第4条)
承销费率与基数,5% × primary gross,-,UW-01 (CP-12) / SEC-10,1,v2: 按全部股份(含 secondary)计提 (已作废); legacy: primary+secondary,SEC-10 承销协议摘要与 CP-12 一致: secondary 不入公司费用基数
固定发行费用,7.0,USD mm,UW-01 (CP-12),1,无,greenshoe 增量不重复计提固定费用
Proposed price,34.0,USD/share,UW-01 Offering_Terms (内部工作价),1,无,"内部决策输入, 非已实现结果 (CP-01)"
NTBV/share (假定价 $32.50),11.17,USD/share,SEC-02,1,无,"仅稀释交叉验算; data_dictionary: 仅在假定 $32.50 下测算, 不按 $34 重标定"
Immediate dilution (假定价 $32.50),21.33,USD/share,SEC-02,1,legacy 自算口径不一致的稀释,"内部一致性: 32.5-11.17=21.33 ✓; 用途边界=交叉验算, 非估值输入"
政策版本,v3 (2024-03-20),-,committee/Committee_Policy_v3_20240320.xlsx,1,v2 (2024-03-05),文件名日期取最新 + v2 Revision_Note 自认被取代 + data_revision_log + 邮件第1条
FY2023 Advertising revenue,788.782,USD mm,SEC-01,1,无,分部勾稽采用值
FY2023 Other revenue,15.247,USD mm,SEC-01,1,revenue_by_segment 行 152.470 (10x 小数点移位),"以 SEC-01(P1) 为准, 修正后分部勾稽一致"
