date,dr007
2018-09-03,2.621
2018-09-04,2.6
2018-09-05,2.552
2018-09-06,2.633
2018-09-07,2.673
2018-09-10,2.679
2018-09-11,2.686
2018-09-12,2.675
2018-09-13,2.663
2018-09-14,2.645
2018-09-17,2.639
2018-09-18,2.685
2018-09-19,2.668
2018-09-20,2.659
2018-09-21,2.654
2018-09-25,2.692
2018-09-26,2.711
2018-09-27,2.722
2018-09-28,2.73
2018-09-29,2.783
2018-09-30,2.766
2018-10-08,2.657
2018-10-09,2.633
2018-10-10,2.618
2018-10-11,2.611
2018-10-12,2.615
2018-10-15,2.612
2018-10-16,2.603
2018-10-17,2.604
2018-10-18,2.611
2018-10-19,2.622
2018-10-22,2.632
2018-10-23,2.635
2018-10-24,2.631
2018-10-25,2.63
2018-10-26,2.618
2018-10-29,2.609
2018-10-30,2.598
2018-10-31,2.715
2018-11-01,2.673
2018-11-02,2.649
2018-11-05,2.638
2018-11-06,2.613
2018-11-07,2.595
2018-11-08,2.6
2018-11-09,2.599
2018-11-12,2.624
2018-11-13,2.633
2018-11-14,2.632
2018-11-15,2.629
2018-11-16,2.629
2018-11-19,2.643
2018-11-20,2.665
2018-11-21,2.656
2018-11-22,2.642
2018-11-23,2.628
2018-11-26,2.644
2018-11-27,2.643
2018-11-28,2.65
2018-11-29,2.65
2018-11-30,2.669
2018-12-03,2.618
2018-12-04,2.621
2018-12-05,2.581
2018-12-06,2.6
2018-12-07,2.611
2018-12-10,2.615
2018-12-11,2.624
2018-12-12,2.626
2018-12-13,2.636
2018-12-14,2.683
2018-12-17,2.697
2018-12-18,2.694
2018-12-19,2.69
2018-12-20,2.676
2018-12-21,2.649
2018-12-24,2.659
2018-12-25,2.653
2018-12-26,2.672
2018-12-27,2.695
2018-12-28,2.721
2018-12-29,2.903
2019-01-02,2.634
2019-01-03,2.547
2019-01-04,2.563
2019-01-07,2.475
2019-01-08,2.372
2019-01-09,2.475
2019-01-10,2.587
2019-01-11,2.555
2019-01-14,2.629
2019-01-15,2.652
2019-01-16,2.64
2019-01-17,2.611
2019-01-18,2.618
2019-01-21,2.594
2019-01-22,2.578
2019-01-23,2.584
2019-01-24,2.616
2019-01-25,2.626
2019-01-28,2.66
2019-01-29,2.766
2019-01-30,2.765
2019-01-31,2.756
2019-02-01,2.722
2019-02-02,2.372
2019-02-03,2.334
2019-02-11,2.596
2019-02-12,2.513
2019-02-13,2.362
2019-02-14,2.33
2019-02-15,2.351
2019-02-18,2.395
2019-02-19,2.398
2019-02-20,2.377
2019-02-21,2.399
2019-02-22,2.6
2019-02-25,2.658
2019-02-26,2.745
2019-02-27,2.75
2019-02-28,2.658
2019-03-01,2.511
2019-03-04,2.38
2019-03-05,2.574
2019-03-06,2.488
2019-03-07,2.517
2019-03-08,2.388
2019-03-11,2.395
2019-03-12,2.601
2019-03-13,2.493
2019-03-14,2.598
2019-03-15,2.728
2019-03-18,2.709
2019-03-19,2.729
2019-03-20,2.711
2019-03-21,2.684
2019-03-22,2.664
2019-03-25,2.668
2019-03-26,2.704
2019-03-27,2.797
2019-03-28,2.705
2019-03-29,2.698
2019-04-01,2.579
2019-04-02,2.453
2019-04-03,2.357
2019-04-04,2.418
2019-04-08,2.483
2019-04-09,2.469
2019-04-10,2.654
2019-04-11,2.657
2019-04-12,2.669
2019-04-15,2.772
2019-04-16,2.787
2019-04-17,2.788
2019-04-18,2.75
2019-04-19,2.692
2019-04-22,2.654
2019-04-23,2.7
2019-04-24,2.764
2019-04-25,2.785
2019-04-26,2.735
2019-04-28,2.705
2019-04-29,2.691
2019-04-30,2.683
2019-05-05,2.529
2019-05-06,2.5285
2019-05-07,2.349
2019-05-08,2.286
2019-05-09,2.573
2019-05-10,2.568
2019-05-13,2.579
2019-05-14,2.65
2019-05-15,2.641
2019-05-16,2.607
2019-05-17,2.589
2019-05-20,2.678
2019-05-21,2.699
2019-05-22,2.69
2019-05-23,2.648
2019-05-24,2.592
2019-05-27,2.711
2019-05-28,2.823
2019-05-29,2.785
2019-05-30,2.665
2019-05-31,2.65
2019-06-03,2.553
2019-06-04,2.399
2019-06-05,2.472
2019-06-06,2.572
2019-06-10,2.604
2019-06-11,2.589
2019-06-12,2.564
2019-06-13,2.583
2019-06-14,2.565
2019-06-17,2.491
2019-06-18,2.399
2019-06-19,2.386
2019-06-20,2.448
2019-06-21,2.416
2019-06-24,2.326
2019-06-25,2.466
2019-06-26,2.417
2019-06-27,2.61
2019-06-28,2.604
2019-07-01,2.319
2019-07-02,2.032
2019-07-03,2.145
2019-07-04,2.139
2019-07-05,2.271
2019-07-08,2.449
2019-07-09,2.54
2019-07-10,2.543
2019-07-11,2.497
2019-07-12,2.559
2019-07-15,2.669
2019-07-16,2.724
2019-07-17,2.734
2019-07-18,2.748
2019-07-19,2.753
2019-07-22,2.692
2019-07-23,2.634
2019-07-24,2.561
2019-07-25,2.642
2019-07-26,2.647
2019-07-29,2.657
2019-07-30,2.663
2019-07-31,2.673
2019-08-01,2.638
2019-08-02,2.647
2019-08-05,2.619
2019-08-06,2.494
2019-08-07,2.52
2019-08-08,2.578
2019-08-09,2.644
2019-08-12,2.656
2019-08-13,2.703
2019-08-14,2.695
2019-08-15,2.678
2019-08-16,2.673
2019-08-19,2.672
2019-08-20,2.664
2019-08-21,2.653
2019-08-22,2.642
2019-08-23,2.651
2019-08-26,2.669
2019-08-27,2.687
2019-08-28,2.682
2019-08-29,2.6702
2019-08-30,2.665
2019-09-02,2.653
2019-09-03,2.61
2019-09-04,2.604
2019-09-05,2.636
2019-09-06,2.652
2019-09-09,2.652
2019-09-10,2.628
2019-09-11,2.645
2019-09-12,2.65
2019-09-16,2.642
2019-09-17,2.638
2019-09-18,2.654
2019-09-19,2.709
2019-09-20,2.731
2019-09-23,2.732
2019-09-24,2.676
2019-09-25,2.572
2019-09-26,2.577
2019-09-27,2.59
2019-09-29,2.692
2019-09-30,2.843
2019-10-08,2.688
2019-10-09,2.627
2019-10-10,2.595
2019-10-11,2.556
2019-10-12,2.591
2019-10-14,2.651
2019-10-15,2.684
2019-10-16,2.686
2019-10-17,2.663
2019-10-18,2.691
2019-10-21,2.691
2019-10-22,2.789
2019-10-23,2.693
2019-10-24,2.661
2019-10-25,2.669
2019-10-28,2.671
2019-10-29,2.67
2019-10-30,2.683
2019-10-31,2.685
2019-11-01,2.616
2019-11-04,2.529
2019-11-05,2.498
2019-11-06,2.546
2019-11-07,2.595
2019-11-08,2.57
2019-11-11,2.555
2019-11-12,2.649
2019-11-13,2.675
2019-11-14,2.682
2019-11-15,2.737
2019-11-18,2.728
2019-11-19,2.611
2019-11-20,2.497
2019-11-21,2.426
2019-11-22,2.536
2019-11-25,2.596
2019-11-26,2.598
2019-11-27,2.589
2019-11-28,2.597
2019-11-29,2.607
2019-12-02,2.478
2019-12-03,2.343
2019-12-04,2.426
2019-12-05,2.433
2019-12-06,2.482
2019-12-09,2.506
2019-12-10,2.45
2019-12-11,2.493
2019-12-12,2.431
2019-12-13,2.474
2019-12-16,2.5315
2019-12-17,2.588
2019-12-18,2.585
2019-12-19,2.559
2019-12-20,2.529
2019-12-23,2.453
2019-12-24,2.45
2019-12-25,2.549
2019-12-26,2.607
2019-12-27,2.579
2019-12-30,2.618
2019-12-31,2.737
2020-01-02,2.433
2020-01-03,2.349
2020-01-06,2.219
2020-01-07,2.259
2020-01-08,2.32
2020-01-09,2.47
2020-01-10,2.487
2020-01-13,2.522
2020-01-14,2.654
2020-01-15,2.717
2020-01-16,2.663
2020-01-17,2.64
2020-01-20,2.607
2020-01-21,2.601
2020-01-22,2.607
2020-01-23,2.549
2020-02-03,2.607
2020-02-04,2.416
2020-02-05,2.343
2020-02-06,2.366
2020-02-07,2.306
2020-02-10,2.289
2020-02-11,2.225
2020-02-12,2.286
2020-02-13,2.324
2020-02-14,2.233
2020-02-17,2.261
2020-02-18,2.293
2020-02-19,2.268
2020-02-20,2.308
2020-02-21,2.245
2020-02-24,2.176
2020-02-25,2.203
2020-02-26,2.183
2020-02-27,2.192
2020-02-28,2.374
2020-03-02,2.129
2020-03-03,2.094
2020-03-04,2.052
2020-03-05,2.089
2020-03-06,2.035
2020-03-09,2.074
2020-03-10,2.241
2020-03-11,2.3
2020-03-12,2.309
2020-03-13,2.252
2020-03-16,2.199
2020-03-17,1.896
2020-03-18,1.751
2020-03-19,1.893
2020-03-20,1.945
2020-03-23,1.805
2020-03-24,1.693
2020-03-25,1.745
2020-03-26,1.72
2020-03-27,1.769
2020-03-30,2.163
2020-03-31,2.147
2020-04-01,2.004
2020-04-02,1.857
2020-04-03,1.831
2020-04-07,1.773
2020-04-08,1.739
2020-04-09,1.68
2020-04-10,1.813
2020-04-13,1.851
2020-04-14,1.707
2020-04-15,1.632
2020-04-16,1.657
2020-04-17,1.737
2020-04-20,1.734
2020-04-21,1.606
2020-04-22,1.576
2020-04-23,1.663
2020-04-24,1.718
2020-04-27,1.774
2020-04-28,1.62
2020-04-29,1.755
2020-04-30,1.919
2020-05-06,1.865
2020-05-07,1.838
2020-05-08,1.809
2020-05-11,1.679
2020-05-12,1.568
2020-05-13,1.485
2020-05-14,1.514
2020-05-15,1.657
2020-05-18,1.563
2020-05-19,1.521
2020-05-20,1.534
2020-05-21,1.556
2020-05-22,1.595
2020-05-25,1.785
2020-05-26,1.908
2020-05-27,2.018
2020-05-28,2.179
2020-05-29,2.151
2020-06-01,1.959
2020-06-02,1.673
2020-06-03,1.971
2020-06-04,2.001
2020-06-05,1.987
2020-06-08,1.942
2020-06-09,1.947
2020-06-10,1.98
2020-06-11,2.021
2020-06-12,2.016
2020-06-15,1.855
2020-06-16,1.891
2020-06-17,2.057
2020-06-18,2.1
2020-06-19,2.147
2020-06-22,2.15
2020-06-23,2.15
2020-06-24,2.173
2020-06-28,2.182
2020-06-29,2.181
2020-06-30,2.228
2020-07-01,2.095
2020-07-02,2.006
2020-07-03,1.98
2020-07-06,1.794
2020-07-07,2.092
2020-07-08,2.137
2020-07-09,2.192
2020-07-10,2.203
2020-07-13,2.201
2020-07-14,2.148
2020-07-15,2.15
2020-07-16,2.249
2020-07-17,2.227
2020-07-20,2.183
2020-07-21,2.101
2020-07-22,2.008
2020-07-23,2.207
2020-07-24,2.147
2020-07-27,2.202
2020-07-28,2.2
2020-07-29,2.174
2020-07-30,2.183
2020-07-31,2.236
2020-08-03,2.043
2020-08-04,2.143
2020-08-05,2.062
2020-08-06,2.074
2020-08-07,2.205
2020-08-10,2.202
2020-08-11,2.249
2020-08-12,2.246
2020-08-13,2.237
2020-08-14,2.222
2020-08-17,2.213
2020-08-18,2.19
2020-08-19,2.204
2020-08-20,2.249
2020-08-21,2.28
2020-08-24,2.23
2020-08-25,2.241
2020-08-26,2.222
2020-08-27,2.182
2020-08-28,2.235
2020-08-31,2.228
2020-09-01,2.211
2020-09-02,2.201
2020-09-03,2.197
2020-09-04,2.211
2020-09-07,2.2
2020-09-08,2.211
2020-09-09,2.193
2020-09-10,2.128
2020-09-11,2.162
2020-09-14,2.161
2020-09-15,2.133
2020-09-16,2.185
2020-09-17,2.199
2020-09-18,2.233
2020-09-21,2.262
2020-09-22,2.332
2020-09-23,2.149
2020-09-24,2.148
2020-09-25,2.044
2020-09-27,1.953
2020-09-28,2.418
2020-09-29,2.283
2020-09-30,2.331
2020-10-09,2.174
2020-10-10,2.029
2020-10-12,2.073
2020-10-13,2.092
2020-10-14,2.136
2020-10-15,2.191
2020-10-16,2.199
2020-10-19,2.23
2020-10-20,2.261
2020-10-21,2.207
2020-10-22,2.19
2020-10-23,2.205
2020-10-26,2.227
2020-10-27,2.33
2020-10-28,2.385
2020-10-29,2.353
2020-10-30,2.418
2020-11-02,2.464
2020-11-03,2.18
2020-11-04,2.092
2020-11-05,2.071
2020-11-06,2.215
2020-11-09,2.272
2020-11-10,2.269
2020-11-11,2.306
2020-11-12,2.335
2020-11-13,2.433
2020-11-16,2.339
2020-11-17,2.238
2020-11-18,2.21
2020-11-19,2.231
2020-11-20,2.228
2020-11-23,2.193
2020-11-24,2.232
2020-11-25,2.224
2020-11-26,2.294
2020-11-27,2.336
2020-11-30,2.356
2020-12-01,1.972
2020-12-02,1.925
2020-12-03,2.104
2020-12-04,2.116
2020-12-07,2.119
2020-12-08,2.101
2020-12-09,2.074
2020-12-10,2.063
2020-12-11,2.178
2020-12-14,2.143
2020-12-15,2.062
2020-12-16,1.815
2020-12-17,1.961
2020-12-18,2.148
2020-12-21,2.05
2020-12-22,2.061
2020-12-23,2.064
2020-12-24,1.774
2020-12-25,2.151
2020-12-28,2.133
2020-12-29,2.264
2020-12-30,2.308
2020-12-31,2.381
2021-01-04,1.993
2021-01-05,1.822
2021-01-06,1.966
2021-01-07,1.855
2021-01-08,2.141
2021-01-11,2.148
2021-01-12,1.985
2021-01-13,1.999
2021-01-14,2.013
2021-01-15,2.124
2021-01-18,2.177
2021-01-19,2.267
2021-01-20,2.493
2021-01-21,2.359
2021-01-22,2.271
2021-01-25,2.296
2021-01-26,2.728
2021-01-27,2.969
2021-01-28,2.981
2021-01-29,3.071
2021-02-01,3.194
2021-02-02,2.241
2021-02-03,2.146
2021-02-04,2.324
2021-02-05,2.338
2021-02-07,2.349
2021-02-08,2.341
2021-02-09,2.425
2021-02-10,2.217
2021-02-18,2.213
2021-02-19,2.051
2021-02-20,1.964
2021-02-22,2.206
2021-02-23,2.277
2021-02-24,2.114
2021-02-25,2.215
2021-02-26,2.214
2021-03-01,2.216
2021-03-02,2.157
2021-03-03,1.89
2021-03-04,2.161
2021-03-05,1.999
2021-03-08,2.144
2021-03-09,2.067
2021-03-10,2.038
2021-03-11,2.06
2021-03-12,2.134
2021-03-15,2.275
2021-03-16,2.229
2021-03-17,2.167
2021-03-18,2.197
2021-03-19,2.199
2021-03-22,2.163
2021-03-23,2.168
2021-03-24,1.992
2021-03-25,2.194
2021-03-26,2.173
2021-03-29,2.158
2021-03-30,2.236
2021-03-31,2.251
2021-04-01,2.155
2021-04-02,2.145
2021-04-06,2.045
2021-04-07,1.939
2021-04-08,2.014
2021-04-09,2.054
2021-04-12,2.05
2021-04-13,2.061
2021-04-14,2.063
2021-04-15,2.058
2021-04-16,2.199
2021-04-19,2.226
2021-04-20,2.196
2021-04-21,2.133
2021-04-22,2.15
2021-04-23,2.139
2021-04-25,2.2
2021-04-26,2.246
2021-04-27,2.234
2021-04-28,2.189
2021-04-29,2.252
2021-04-30,2.336
2021-05-06,2.152
2021-05-07,1.94
2021-05-08,1.909
2021-05-10,1.909
2021-05-11,2.078
2021-05-12,2.029
2021-05-13,2.082
2021-05-14,2.074
2021-05-17,2.195
2021-05-18,2.196
2021-05-19,2.149
2021-05-20,2.165
2021-05-21,2.16
2021-05-24,2.156
2021-05-25,2.254
2021-05-26,2.269
2021-05-27,2.262
2021-05-28,2.278
2021-05-31,2.502
2021-06-01,2.233
2021-06-02,2.156
2021-06-03,2.092
2021-06-04,2.187
2021-06-07,2.253
2021-06-08,2.267
2021-06-09,2.271
2021-06-10,2.146
2021-06-11,2.169
2021-06-15,2.237
2021-06-16,2.198
2021-06-17,2.179
2021-06-18,2.206
2021-06-21,2.257
2021-06-22,2.337
2021-06-23,2.276
2021-06-24,2.254
2021-06-25,2.196
2021-06-28,2.258
2021-06-29,2.431
2021-06-30,2.405
2021-07-01,2.186
2021-07-02,1.945
2021-07-05,2.034
2021-07-06,2.046
2021-07-07,2.129
2021-07-08,2.114
2021-07-09,2.22
2021-07-12,2.163
2021-07-13,2.193
2021-07-14,2.179
2021-07-15,2.178
2021-07-16,2.201
2021-07-19,2.155
2021-07-20,2.198
2021-07-21,2.218
2021-07-22,2.18
2021-07-23,2.143
2021-07-26,2.214
2021-07-27,2.31
2021-07-28,2.356
2021-07-29,2.257
2021-07-30,2.284
2021-08-02,2.071
2021-08-03,2.041
2021-08-04,2.04
2021-08-05,1.97
2021-08-06,1.994
2021-08-09,2.145
2021-08-10,2.348
2021-08-11,2.147
2021-08-12,2.15
2021-08-13,2.197
2021-08-16,2.193
2021-08-17,2.139
2021-08-18,2.054
2021-08-19,2.091
2021-08-20,2.115
2021-08-23,2.16
2021-08-24,2.224
2021-08-25,2.311
2021-08-26,2.319
2021-08-27,2.329
2021-08-30,2.308
2021-08-31,2.322
2021-09-01,2.104
2021-09-02,2.075
2021-09-03,2.059
2021-09-06,2.151
2021-09-07,2.198
2021-09-08,2.201
2021-09-09,2.158
2021-09-10,2.199
2021-09-13,2.203
2021-09-14,2.28
2021-09-15,2.213
2021-09-16,2.234
2021-09-17,2.398
2021-09-18,2.234
2021-09-22,2.232
2021-09-23,2.189
2021-09-24,2.219
2021-09-26,2.19
2021-09-27,1.984
2021-09-28,2.115
2021-09-29,2.45
2021-09-30,2.266
2021-10-08,2.17
2021-10-09,1.896
2021-10-11,2.199
2021-10-12,2.167
2021-10-13,2.202
2021-10-14,2.198
2021-10-15,2.132
2021-10-18,2.174
2021-10-19,2.283
2021-10-20,2.221
2021-10-21,2.055
2021-10-22,2.056
2021-10-25,2.243
2021-10-26,2.262
2021-10-27,2.268
2021-10-28,2.301
2021-10-29,2.299
2021-11-01,2.168
2021-11-02,2.185
2021-11-03,2.137
2021-11-04,2.132
2021-11-05,2.129
2021-11-08,2.121
2021-11-09,2.191
2021-11-10,2.142
2021-11-11,2.113
2021-11-12,2.124
2021-11-15,2.1
2021-11-16,2.096
2021-11-17,2.182
2021-11-18,2.172
2021-11-19,2.171
2021-11-22,2.109
2021-11-23,2.17
2021-11-24,2.269
2021-11-25,2.231
2021-11-26,2.247
2021-11-29,2.239
2021-11-30,2.297
2021-12-01,2.121
2021-12-02,2.1
2021-12-03,2.078
2021-12-06,2.129
2021-12-07,2.159
2021-12-08,2.202
2021-12-09,2.22
2021-12-10,2.184
2021-12-13,2.197
2021-12-14,2.21
2021-12-15,2.201
2021-12-16,2.209
2021-12-17,2.151
2021-12-20,2.121
2021-12-21,2.087
2021-12-22,2.012
2021-12-23,2.023
2021-12-24,1.943
2021-12-27,2.312
2021-12-28,2.245
2021-12-29,2.25
2021-12-30,2.321
2021-12-31,2.271
2022-01-04,2.099
2022-01-05,2.148
2022-01-06,2.042
2022-01-07,2.103
2022-01-10,2.093
2022-01-11,2.131
2022-01-12,2.098
2022-01-13,2.202
2022-01-14,2.213
2022-01-17,2.183
2022-01-18,2.088
2022-01-19,2.127
2022-01-20,2.113
2022-01-21,2.112
2022-01-24,2.132
2022-01-25,2.093
2022-01-26,2.088
2022-01-27,2.12
2022-01-28,2.25
2022-01-29,2.251
2022-01-30,2.272
2022-02-07,2.102
2022-02-08,2.087
2022-02-09,2.01
2022-02-10,1.965
2022-02-11,2.021
2022-02-14,2.023
2022-02-15,2.0
2022-02-16,2.057
2022-02-17,2.002
2022-02-18,2.098
2022-02-21,2.14
2022-02-22,2.191
2022-02-23,2.176
2022-02-24,2.187
2022-02-25,2.322
2022-02-28,2.249
2022-03-01,2.029
2022-03-02,2.046
2022-03-03,2.005
2022-03-04,2.048
2022-03-07,2.068
2022-03-08,2.114
2022-03-09,2.059
2022-03-10,2.082
2022-03-11,2.102
2022-03-14,2.104
2022-03-15,2.122
2022-03-16,2.115
2022-03-17,2.083
2022-03-18,2.073
2022-03-21,2.104
2022-03-22,2.073
2022-03-23,2.074
2022-03-24,2.056
2022-03-25,2.207
2022-03-28,2.188
2022-03-29,2.145
2022-03-30,2.171
2022-03-31,2.197
2022-04-01,2.017
2022-04-02,1.837
2022-04-06,2.004
2022-04-07,2.051
2022-04-08,1.985
2022-04-11,1.947
2022-04-12,2.04
2022-04-13,1.966
2022-04-14,1.905
2022-04-15,1.822
2022-04-18,1.876
2022-04-19,1.801
2022-04-20,1.937
2022-04-21,1.804
2022-04-22,1.7
2022-04-24,1.809
2022-04-25,1.712
2022-04-26,1.681
2022-04-27,1.743
2022-04-28,1.88
2022-04-29,2.006
2022-05-05,1.903
2022-05-06,1.789
2022-05-07,1.699
2022-05-09,1.814
2022-05-10,1.63
2022-05-11,1.708
2022-05-12,1.714
2022-05-13,1.671
2022-05-16,1.714
2022-05-17,1.584
2022-05-18,1.647
2022-05-19,1.654
2022-05-20,1.665
2022-05-23,1.693
2022-05-24,1.681
2022-05-25,1.785
2022-05-26,1.765
2022-05-27,1.777
2022-05-30,1.814
2022-05-31,1.898
2022-06-01,1.652
2022-06-02,1.674
2022-06-06,1.701
2022-06-07,1.708
2022-06-08,1.689
2022-06-09,1.707
2022-06-10,1.675
2022-06-13,1.7
2022-06-14,1.656
2022-06-15,1.708
2022-06-16,1.688
2022-06-17,1.737
2022-06-20,1.829
2022-06-21,1.796
2022-06-22,1.783
2022-06-23,1.755
2022-06-24,1.85
2022-06-27,1.992
2022-06-28,1.98
2022-06-29,2.025
2022-06-30,2.2
2022-07-01,1.798
2022-07-04,1.624
2022-07-05,1.669
2022-07-06,1.641
2022-07-07,1.626
2022-07-08,1.651
2022-07-11,1.627
2022-07-12,1.621
2022-07-13,1.617
2022-07-14,1.629
2022-07-15,1.593
2022-07-18,1.646
2022-07-19,1.629
2022-07-20,1.679
2022-07-21,1.679
2022-07-22,1.635
2022-07-25,1.639
2022-07-26,1.632
2022-07-27,1.613
2022-07-28,1.546
2022-07-29,1.705
2022-08-01,1.56
2022-08-02,1.526
2022-08-03,1.385
2022-08-04,1.381
2022-08-05,1.384
2022-08-08,1.391
2022-08-09,1.409
2022-08-10,1.43
2022-08-11,1.404
2022-08-12,1.413
2022-08-15,1.425
2022-08-16,1.392
2022-08-17,1.467
2022-08-18,1.479
2022-08-19,1.509
2022-08-22,1.5089
2022-08-23,1.499
2022-08-24,1.445
2022-08-25,1.515
2022-08-26,1.745
2022-08-29,1.639
2022-08-30,1.649
2022-08-31,1.78
2022-09-01,1.497
2022-09-02,1.51
2022-09-05,1.409
2022-09-06,1.449
2022-09-07,1.524
2022-09-08,1.502
2022-09-09,1.476
2022-09-13,1.521
2022-09-14,1.557
2022-09-15,1.547
2022-09-16,1.643
2022-09-19,1.699
2022-09-20,1.687
2022-09-21,1.726
2022-09-22,1.646
2022-09-23,1.608
2022-09-26,1.84
2022-09-27,1.697
2022-09-28,1.747
2022-09-29,2.015
2022-09-30,2.055
2022-10-08,1.699
2022-10-09,1.616
2022-10-10,1.497
2022-10-11,1.621
2022-10-12,1.611
2022-10-13,1.638
2022-10-14,1.594
2022-10-17,1.558
2022-10-18,1.53
2022-10-19,1.547
2022-10-20,1.581
2022-10-21,1.682
2022-10-24,1.726
2022-10-25,1.876
2022-10-26,1.995
2022-10-27,2.013
2022-10-28,1.963
2022-10-31,1.952
2022-11-01,1.829
2022-11-02,1.771
2022-11-03,1.718
2022-11-04,1.702
2022-11-07,1.786
2022-11-08,1.812
2022-11-09,1.855
2022-11-10,1.938
2022-11-11,1.888
2022-11-14,1.846
2022-11-15,1.929
2022-11-16,1.998
2022-11-17,1.863
2022-11-18,1.791
2022-11-21,1.675
2022-11-22,1.665
2022-11-23,1.673
2022-11-24,1.769
2022-11-25,1.744
2022-11-28,1.881
2022-11-29,1.865
2022-11-30,1.915
2022-12-01,1.729
2022-12-02,1.693
2022-12-05,1.689
2022-12-06,1.677
2022-12-07,1.663
2022-12-08,1.71
2022-12-09,1.759
2022-12-12,1.61
2022-12-13,1.748
2022-12-14,1.669
2022-12-15,1.626
2022-12-16,1.752
2022-12-19,1.8
2022-12-20,1.807
2022-12-21,1.687
2022-12-22,1.579
2022-12-23,1.687
2022-12-26,1.961
2022-12-27,2.004
2022-12-28,2.019
2022-12-29,2.261
2022-12-30,2.223
2023-01-03,1.92
2023-01-04,1.582
2023-01-05,1.388
2023-01-06,1.58
2023-01-09,1.729
2023-01-10,1.933
2023-01-11,1.996
2023-01-12,1.992
2023-01-13,1.94
2023-01-16,2.054
2023-01-17,2.195
2023-01-18,2.135
2023-01-19,2.281
2023-01-20,1.988
2023-01-28,1.915
2023-01-29,1.854
2023-01-30,2.05
2023-01-31,2.121
2023-02-01,2.045
2023-02-02,1.959
2023-02-03,1.85
2023-02-06,2.007
2023-02-07,2.086
2023-02-08,2.194
2023-02-09,2.198
2023-02-10,1.961
2023-02-13,1.923
2023-02-14,2.007
2023-02-15,1.996
2023-02-16,2.095
2023-02-17,2.198
2023-02-20,2.104
2023-02-21,2.136
2023-02-22,2.158
2023-02-23,2.163
2023-02-24,2.243
2023-02-27,2.177
2023-02-28,2.352
2023-03-01,2.09
2023-03-02,1.993
2023-03-03,1.931
2023-03-06,1.816
2023-03-07,1.873
2023-03-08,1.915
2023-03-09,1.921
2023-03-10,2.013
2023-03-13,1.959
2023-03-14,2.055
2023-03-15,2.089
2023-03-16,2.177
2023-03-17,2.086
2023-03-20,2.163
2023-03-21,2.198
2023-03-22,2.078
2023-03-23,1.937
2023-03-24,1.703
2023-03-27,2.117
2023-03-28,2.028
2023-03-29,2.157
2023-03-30,2.144
2023-03-31,2.215
2023-04-03,1.924
2023-04-04,1.87
2023-04-06,1.978
2023-04-07,1.997
2023-04-10,2.004
2023-04-11,1.985
2023-04-12,1.997
2023-04-13,1.998
2023-04-14,2.0
2023-04-17,2.048
2023-04-18,2.078
2023-04-19,2.097
2023-04-20,2.101
2023-04-21,2.199
2023-04-23,2.096
2023-04-24,2.117
2023-04-25,2.022
2023-04-26,2.062
2023-04-27,2.211
2023-04-28,2.3
2023-05-04,1.963
2023-05-05,1.815
2023-05-06,1.745
2023-05-08,1.795
2023-05-09,1.825
2023-05-10,1.902
2023-05-11,1.803
2023-05-12,1.829
2023-05-15,1.874
2023-05-16,1.766
2023-05-17,1.844
2023-05-18,1.76
2023-05-19,1.91
2023-05-22,1.897
2023-05-23,1.824
2023-05-24,1.762
2023-05-25,1.908
2023-05-26,1.992
2023-05-29,1.937
2023-05-30,1.993
2023-05-31,2.058
2023-06-01,1.848
2023-06-02,1.814
2023-06-05,1.847
2023-06-06,1.767
2023-06-07,1.855
2023-06-08,1.85
2023-06-09,1.826
2023-06-12,1.83
2023-06-13,1.84
2023-06-14,1.846
2023-06-15,1.839
2023-06-16,1.925
2023-06-19,1.984
2023-06-20,2.043
2023-06-21,2.009
2023-06-25,1.95
2023-06-26,1.867
2023-06-27,1.851
2023-06-28,1.867
2023-06-29,1.884
2023-06-30,2.063
2023-07-03,1.795
2023-07-04,1.758
2023-07-05,1.808
2023-07-06,1.763
2023-07-07,1.779
2023-07-10,1.726
2023-07-11,1.744
2023-07-12,1.781
2023-07-13,1.782
2023-07-14,1.806
2023-07-17,1.86
2023-07-18,1.892
2023-07-19,1.872
2023-07-20,1.832
2023-07-21,1.826
2023-07-24,1.808
2023-07-25,1.843
2023-07-26,1.853
2023-07-27,1.818
2023-07-28,1.826
2023-07-31,1.963
2023-08-01,1.806
2023-08-02,1.777
2023-08-03,1.671
2023-08-04,1.64
2023-08-07,1.737
2023-08-08,1.775
2023-08-09,1.782
2023-08-10,1.758
2023-08-11,1.777
2023-08-14,1.832
2023-08-15,1.886
2023-08-16,1.831
2023-08-17,1.868
2023-08-18,1.886
2023-08-21,1.875
2023-08-22,1.824
2023-08-23,1.81
2023-08-24,1.795
2023-08-25,1.896
2023-08-28,2.056
2023-08-29,2.091
2023-08-30,2.235
2023-08-31,2.103
2023-09-01,1.814
2023-09-04,1.728
2023-09-05,1.733
2023-09-06,1.795
2023-09-07,1.904
2023-09-08,1.835
2023-09-11,1.955
2023-09-12,1.931
2023-09-13,1.874
2023-09-14,1.917
2023-09-15,1.9
2023-09-18,1.891
2023-09-19,1.925
2023-09-20,1.961
2023-09-21,1.951
2023-09-22,1.988
2023-09-25,2.005
2023-09-26,1.969
2023-09-27,1.848
2023-09-28,2.195
2023-10-07,1.831
2023-10-08,1.764
2023-10-09,1.801
2023-10-10,1.861
2023-10-11,1.895
2023-10-12,1.889
2023-10-13,1.893
2023-10-16,1.793
2023-10-17,1.844
2023-10-18,1.899
2023-10-19,1.929
2023-10-20,2.103
2023-10-23,1.933
2023-10-24,1.988
2023-10-25,2.006
2023-10-26,2.045
2023-10-27,2.053
2023-10-30,2.041
2023-10-31,1.965
2023-11-01,1.889
2023-11-02,1.837
2023-11-03,1.742
2023-11-06,1.752
2023-11-07,1.817
2023-11-08,1.822
2023-11-09,1.824
2023-11-10,1.826
2023-11-13,1.84
2023-11-14,1.967
2023-11-15,1.896
2023-11-16,1.951
2023-11-17,1.9622
2023-11-20,1.962
2023-11-21,1.961
2023-11-22,1.997
2023-11-23,1.949
2023-11-24,2.195
2023-11-27,2.094
2023-11-28,2.051
2023-11-29,2.076
2023-11-30,2.166
2023-12-01,1.795
2023-12-04,1.759
2023-12-05,1.816
2023-12-06,1.763
2023-12-07,1.755
2023-12-08,1.798
2023-12-11,1.855
2023-12-12,1.839
2023-12-13,1.789
2023-12-14,1.763
2023-12-15,1.753
2023-12-18,1.818
2023-12-19,1.767
2023-12-20,1.784
2023-12-21,1.801
2023-12-22,1.762
2023-12-25,1.822
2023-12-26,1.844
2023-12-27,1.864
2023-12-28,1.937
2023-12-29,1.867
2024-01-02,1.786
2024-01-03,1.805
2024-01-04,1.783
2024-01-05,1.77
2024-01-08,1.772
2024-01-09,1.79
2024-01-10,1.797
2024-01-11,1.799
2024-01-12,1.846
2024-01-15,1.862
2024-01-16,1.934
2024-01-17,1.943
2024-01-18,1.819
2024-01-19,1.831
2024-01-22,1.844
2024-01-23,1.807
2024-01-24,1.84
2024-01-25,1.872
2024-01-26,1.899
2024-01-29,1.863
2024-01-30,1.959
2024-01-31,1.829
2024-02-01,1.809
2024-02-02,1.846
2024-02-04,1.958
2024-02-05,1.946
2024-02-06,1.966
2024-02-07,1.947
2024-02-08,1.791
2024-02-09,1.857
2024-02-18,1.817
2024-02-19,1.785
2024-02-20,1.787
2024-02-21,1.819
2024-02-22,1.815
2024-02-23,1.816
2024-02-26,1.883
2024-02-27,1.904
2024-02-28,1.8178
2024-02-29,1.775
2024-03-01,1.806
2024-03-04,1.811
2024-03-05,1.855
2024-03-06,1.822
2024-03-07,1.827
2024-03-08,1.848
2024-03-11,1.853
2024-03-12,1.853
2024-03-13,1.882
2024-03-14,1.88
2024-03-15,1.89
2024-03-18,1.854
2024-03-19,1.87
2024-03-20,1.844
2024-03-21,1.834
2024-03-22,1.845
2024-03-25,1.898
2024-03-26,1.957
2024-03-27,1.972
2024-03-28,1.948
2024-03-29,1.967
2024-04-01,1.857
2024-04-02,1.833
2024-04-03,1.821
2024-04-07,1.805
2024-04-08,1.815
2024-04-09,1.816
2024-04-10,1.817
2024-04-11,1.815
2024-04-12,1.82
2024-04-15,1.797
2024-04-16,1.805
2024-04-17,1.816
2024-04-18,1.836
2024-04-19,1.87
2024-04-22,1.831
2024-04-23,1.824
2024-04-24,1.855
2024-04-25,1.885
2024-04-26,1.912
2024-04-28,1.951
2024-04-29,2.08
2024-04-30,2.109
2024-05-06,1.874
2024-05-07,1.845
2024-05-08,1.867
2024-05-09,1.822
2024-05-10,1.836
2024-05-11,1.85
2024-05-13,1.836
2024-05-14,1.837
2024-05-15,1.808
2024-05-16,1.801
2024-05-17,1.808
2024-05-20,1.803
2024-05-21,1.847
2024-05-22,1.838
2024-05-23,1.829
2024-05-24,1.818
2024-05-27,1.888
2024-05-28,1.885
2024-05-29,1.897
2024-05-30,1.903
2024-05-31,1.851
2024-06-03,1.811
2024-06-04,1.785
2024-06-05,1.776
2024-06-06,1.78
2024-06-07,1.751
2024-06-11,1.802
2024-06-12,1.796
2024-06-13,1.817
2024-06-14,1.813
2024-06-17,1.862
2024-06-18,1.882
2024-06-19,1.861
2024-06-20,1.89
2024-06-21,1.939
2024-06-24,2.008
2024-06-25,2.014
2024-06-26,2.083
2024-06-27,2.028
2024-06-28,2.099
2024-07-01,1.802
2024-07-02,1.796
2024-07-03,1.8
2024-07-04,1.811
2024-07-05,1.807
2024-07-08,1.82
2024-07-09,1.804
2024-07-10,1.8
2024-07-11,1.803
2024-07-12,1.801
2024-07-15,1.821
2024-07-16,1.894
2024-07-17,1.885
2024-07-18,1.893
2024-07-19,1.855
2024-07-22,1.715
2024-07-23,1.751
2024-07-24,1.742
2024-07-25,1.871
2024-07-26,1.913
2024-07-29,1.895
2024-07-30,1.814
2024-07-31,1.772
2024-08-01,1.7
2024-08-02,1.7
2024-08-05,1.694
2024-08-06,1.687
2024-08-07,1.708
2024-08-08,1.763
2024-08-09,1.795
2024-08-12,1.893
2024-08-13,1.828
2024-08-14,1.869
2024-08-15,1.814
2024-08-16,1.811
2024-08-19,1.722
2024-08-20,1.761
2024-08-21,1.808
2024-08-22,1.821
2024-08-23,1.825
2024-08-26,1.936
2024-08-27,1.869
2024-08-28,1.758
2024-08-29,1.628
2024-08-30,1.647
2024-09-02,1.689
2024-09-03,1.68
2024-09-04,1.67
2024-09-05,1.68
2024-09-06,1.676
2024-09-09,1.833
2024-09-10,1.834
2024-09-11,1.776
2024-09-12,1.794
2024-09-13,1.806
2024-09-14,1.746
2024-09-18,1.86
2024-09-19,1.947
2024-09-20,1.929
2024-09-23,1.859
2024-09-24,1.92
2024-09-25,1.873
2024-09-26,1.838
2024-09-27,1.661
2024-09-29,1.727
2024-09-30,1.522
2024-10-08,1.697
2024-10-09,1.803
2024-10-10,1.7
2024-10-11,1.526
2024-10-12,1.511
2024-10-14,1.587
2024-10-15,1.517
2024-10-16,1.59
2024-10-17,1.549
2024-10-18,1.568
2024-10-21,1.584
2024-10-22,1.579
2024-10-23,1.595
2024-10-24,1.596
2024-10-25,1.703
2024-10-28,1.658
2024-10-29,1.75
2024-10-30,1.656
2024-10-31,1.656
2024-11-01,1.507
2024-11-04,1.496
2024-11-05,1.5
2024-11-06,1.5
2024-11-07,1.555
2024-11-08,1.645
2024-11-11,1.655
2024-11-12,1.687
2024-11-13,1.644
2024-11-14,1.674
2024-11-15,1.685
2024-11-18,1.697
2024-11-19,1.693
2024-11-20,1.684
2024-11-21,1.659
2024-11-22,1.653
2024-11-25,1.727
2024-11-26,1.723
2024-11-27,1.7
2024-11-28,1.726
2024-11-29,1.631
2024-12-02,1.591
2024-12-03,1.601
2024-12-04,1.588
2024-12-05,1.688
2024-12-06,1.686
2024-12-09,1.736
2024-12-10,1.784
2024-12-11,1.722
2024-12-12,1.635
2024-12-13,1.758
2024-12-16,1.762
2024-12-17,1.787
2024-12-18,1.776
2024-12-19,1.627
2024-12-20,1.62
2024-12-23,1.525
2024-12-24,1.489
2024-12-25,1.516
2024-12-26,1.533
2024-12-27,1.74
2024-12-30,1.95
2024-12-31,1.966
2025-01-02,1.643
2025-01-03,1.67
2025-01-06,1.596
2025-01-07,1.541
2025-01-08,1.58
2025-01-09,1.632
2025-01-10,1.692
2025-01-13,1.96
2025-01-14,2.162
2025-01-15,2.117
2025-01-16,2.192
2025-01-17,2.039
2025-01-20,2.013
2025-01-21,1.906
2025-01-22,1.813
2025-01-23,1.995
2025-01-24,2.078
2025-01-26,1.864
2025-01-27,1.715
2025-02-05,1.844
2025-02-06,1.785
2025-02-07,1.732
2025-02-08,1.634
2025-02-10,1.729
2025-02-11,1.838
2025-02-12,1.845
2025-02-13,1.763
2025-02-14,1.894
2025-02-17,1.999
2025-02-18,2.209
2025-02-19,1.934
2025-02-20,1.992
2025-02-21,2.139
2025-02-24,1.941
2025-02-25,2.128
2025-02-26,2.131
2025-02-27,2.24
2025-02-28,2.093
2025-03-03,1.812
2025-03-04,1.718
2025-03-05,1.751
2025-03-06,1.748
2025-03-07,1.718
2025-03-10,1.78
2025-03-11,1.786
2025-03-12,1.78
2025-03-13,1.774
2025-03-14,1.742
2025-03-17,1.819
2025-03-18,1.903
2025-03-19,1.856
2025-03-20,1.778
2025-03-21,1.754
2025-03-24,1.745
2025-03-25,1.815
2025-03-26,1.9
2025-03-27,2.004
2025-03-28,1.936
2025-03-31,2.023
2025-04-01,1.807
2025-04-02,1.805
2025-04-03,1.689
2025-04-07,1.694
2025-04-08,1.725
2025-04-09,1.703
2025-04-10,1.681
2025-04-11,1.619
2025-04-14,1.665
2025-04-15,1.695
2025-04-16,1.696
2025-04-17,1.652
2025-04-18,1.654
2025-04-21,1.68
2025-04-22,1.67
2025-04-23,1.644
2025-04-24,1.69
2025-04-25,1.638
2025-04-27,1.641
2025-04-28,1.723
2025-04-29,1.748
2025-04-30,1.762
2025-05-06,1.707
2025-05-07,1.661
2025-05-08,1.594
2025-05-09,1.519
2025-05-12,1.496
2025-05-13,1.49
2025-05-14,1.501
2025-05-15,1.497
2025-05-16,1.545
2025-05-19,1.562
2025-05-20,1.556
2025-05-21,1.549
2025-05-22,1.523
2025-05-23,1.552
2025-05-26,1.579
2025-05-27,1.598
2025-05-28,1.578
2025-05-29,1.602
2025-05-30,1.617
2025-06-03,1.515
2025-06-04,1.543
2025-06-05,1.534
2025-06-06,1.5
2025-06-09,1.497
2025-06-10,1.496
2025-06-11,1.502
2025-06-12,1.521
2025-06-13,1.508
2025-06-16,1.51
2025-06-17,1.508
2025-06-18,1.505
2025-06-19,1.524
2025-06-20,1.529
2025-06-23,1.497
2025-06-24,1.629
2025-06-25,1.671
2025-06-26,1.67
2025-06-27,1.668
2025-06-30,1.763
2025-07-01,1.53
2025-07-02,1.497
2025-07-03,1.456
2025-07-04,1.423
2025-07-07,1.458
2025-07-08,1.455
2025-07-09,1.464
2025-07-10,1.474
2025-07-11,1.475
2025-07-14,1.515
2025-07-15,1.546
2025-07-16,1.504
2025-07-17,1.504
2025-07-18,1.494
2025-07-21,1.477
2025-07-22,1.462
2025-07-23,1.463
2025-07-24,1.545
2025-07-25,1.62
2025-07-28,1.596
2025-07-29,1.545
2025-07-30,1.501
2025-07-31,1.497
2025-08-01,1.446
2025-08-04,1.436
2025-08-05,1.432
2025-08-06,1.442
2025-08-07,1.434
2025-08-08,1.4356
2025-08-11,1.432
2025-08-12,1.433
2025-08-13,1.434
2025-08-14,1.426
2025-08-15,1.465
2025-08-18,1.483
2025-08-19,1.517
2025-08-20,1.534
2025-08-21,1.495
2025-08-22,1.463
2025-08-25,1.484
2025-08-26,1.467
2025-08-27,1.491
2025-08-28,1.526
2025-08-29,1.51
2025-09-01,1.438
2025-09-02,1.431
2025-09-03,1.433
2025-09-04,1.437
2025-09-05,1.427
2025-09-08,1.438
2025-09-09,1.467
2025-09-10,1.449
2025-09-11,1.466
2025-09-12,1.46
2025-09-15,1.47
2025-09-16,1.475
2025-09-17,1.519
2025-09-18,1.528
2025-09-19,1.488
2025-09-22,1.466
2025-09-23,1.462
2025-09-24,1.59
2025-09-25,1.584
2025-09-26,1.501
2025-09-28,1.497
2025-09-29,1.523
2025-09-30,1.405
2025-10-09,1.495
2025-10-10,1.451
2025-10-11,1.403
2025-10-13,1.447
2025-10-14,1.423
2025-10-15,1.414
2025-10-16,1.419
2025-10-17,1.415
2025-10-20,1.418
2025-10-21,1.426
2025-10-22,1.422
2025-10-23,1.417
2025-10-24,1.414
2025-10-27,1.542
2025-10-28,1.53
2025-10-29,1.512
2025-10-30,1.484
2025-10-31,1.439
2025-11-03,1.412
2025-11-04,1.415
2025-11-05,1.423
2025-11-06,1.421
2025-11-07,1.422
2025-11-10,1.478
2025-11-11,1.501
2025-11-12,1.474
2025-11-13,1.474
2025-11-14,1.468
2025-11-17,1.514
2025-11-18,1.518
2025-11-19,1.487
2025-11-20,1.46
2025-11-21,1.417
2025-11-24,1.447
2025-11-25,1.433
2025-11-26,1.453
2025-11-27,1.425
2025-11-28,1.437
2025-12-01,1.454
2025-12-02,1.434
2025-12-03,1.426
2025-12-04,1.424
2025-12-05,1.416
2025-12-08,1.426
2025-12-09,1.431
2025-12-10,1.439
2025-12-11,1.432
2025-12-12,1.451
2025-12-15,1.432
2025-12-16,1.429
2025-12-17,1.428
2025-12-18,1.426
2025-12-19,1.4311
2025-12-22,1.417
2025-12-23,1.399
2025-12-24,1.385
2025-12-25,1.4
2025-12-26,1.448
2025-12-29,1.558
2025-12-30,1.589
2025-12-31,1.956
2026-01-04,1.428
2026-01-05,1.423
2026-01-06,1.422
2026-01-07,1.45
2026-01-08,1.462
2026-01-09,1.461
2026-01-12,1.473
2026-01-13,1.523
2026-01-14,1.55
2026-01-15,1.485
2026-01-16,1.47
2026-01-19,1.467
2026-01-20,1.483
2026-01-21,1.488
2026-01-22,1.497
2026-01-23,1.491
2026-01-26,1.543
2026-01-27,1.564
2026-01-28,1.527
2026-01-29,1.572
2026-01-30,1.58
2026-02-02,1.485
2026-02-03,1.488
2026-02-04,1.473
2026-02-05,1.464
2026-02-06,1.435
2026-02-09,1.505
2026-02-10,1.531
2026-02-11,1.523
2026-02-12,1.518
2026-02-13,1.43
2026-02-14,1.3233
2026-02-24,1.553
2026-02-25,1.497
2026-02-26,1.457
2026-02-27,1.474
2026-02-28,1.5
2026-03-02,1.466
2026-03-03,1.448
2026-03-04,1.415
2026-03-05,1.412
2026-03-06,1.412
2026-03-09,1.423
2026-03-10,1.432
2026-03-11,1.46
2026-03-12,1.465
2026-03-13,1.457
2026-03-16,1.441
2026-03-17,1.4291
2026-03-18,1.425
2026-03-19,1.423
2026-03-20,1.417
2026-03-23,1.422
2026-03-24,1.417
2026-03-25,1.435
2026-03-26,1.438
2026-03-27,1.428
2026-03-30,1.418
2026-03-31,1.438
2026-04-01,1.421
2026-04-02,1.404
2026-04-03,1.338
2026-04-07,1.324
2026-04-08,1.323
2026-04-09,1.32
2026-04-10,1.319
2026-04-13,1.359
2026-04-14,1.36
2026-04-15,1.367
2026-04-16,1.336
2026-04-17,1.326
2026-04-20,1.328
2026-04-21,1.331
2026-04-22,1.327
2026-04-23,1.329
2026-04-24,1.324
2026-04-27,1.358
2026-04-28,1.364
2026-04-29,1.373
2026-04-30,1.391
2026-05-06,1.365
2026-05-07,1.381
2026-05-08,1.345
2026-05-09,1.318
2026-05-11,1.34
2026-05-12,1.308
2026-05-13,1.299
2026-05-14,1.305
2026-05-15,1.313
2026-05-18,1.322
2026-05-19,1.32
2026-05-20,1.339
2026-05-21,1.331
2026-05-22,1.365
2026-05-25,1.401
2026-05-26,1.377
2026-05-27,1.371
2026-05-28,1.362
2026-05-29,1.387
2026-06-01,1.376
2026-06-02,1.353
2026-06-03,1.347
2026-06-04,1.348
2026-06-05,1.382
2026-06-08,1.401
2026-06-09,1.42
2026-06-10,1.413
2026-06-11,1.441
2026-06-12,1.453
2026-06-15,1.461
2026-06-16,1.488
2026-06-17,1.464
2026-06-18,1.462
2026-06-22,1.475
2026-06-23,1.497
2026-06-24,1.548
2026-06-25,1.513
2026-06-26,1.467
2026-06-29,1.45
2026-06-30,1.458
2026-07-01,1.463
2026-07-02,1.437
2026-07-03,1.396
2026-07-06,1.39
2026-07-07,1.3825
2026-07-08,1.381
2026-07-09,1.38
2026-07-10,1.383
2026-07-13,1.4
2026-07-14,1.402
2026-07-15,1.4235
2026-07-16,1.44
2026-07-17,1.435
2026-07-20,1.431
2026-07-21,1.401
2026-07-22,1.401
2026-07-23,1.393
2026-07-24,1.4
2026-07-27,1.4316
2026-07-28,1.46
2026-07-29,1.51
2026-07-30,1.455
2026-07-31,1.453
2026-08-03,1.431
2026-08-04,1.388
2026-08-05,1.377
2026-08-06,1.383
2026-08-07,1.391
2026-08-10,1.4
2026-08-11,1.394
2026-08-12,1.3981
2026-08-13,1.3991
2026-08-14,1.39
2026-08-17,1.3854
2026-08-18,1.38
2026-08-19,1.385
2026-08-20,1.39
2026-08-21,1.4256
2026-08-24,1.432
2026-08-25,1.4535
2026-08-26,1.424
2026-08-27,1.394
2026-08-28,1.387
2026-08-31,1.414
2026-09-01,1.391
2026-09-02,1.377
2026-09-03,1.374
2026-09-04,1.376
2026-09-07,1.38
2026-09-08,1.38
2026-09-09,1.392
2026-09-10,1.41
2026-09-11,1.42
2026-09-14,1.418
2026-09-15,1.421
