date,lpr_1y
2018-01-02,4.3
2018-01-03,4.3
2018-01-04,4.3
2018-01-05,4.3
2018-01-08,4.3
2018-01-09,4.3
2018-01-10,4.3
2018-01-11,4.3
2018-01-12,4.3
2018-01-15,4.3
2018-01-16,4.3
2018-01-17,4.3
2018-01-18,4.3
2018-01-19,4.3
2018-01-22,4.3
2018-01-23,4.3
2018-01-24,4.3
2018-01-25,4.3
2018-01-26,4.3
2018-01-29,4.3
2018-01-30,4.3
2018-01-31,4.3
2018-02-01,4.3
2018-02-02,4.3
2018-02-05,4.3
2018-02-06,4.3
2018-02-07,4.3
2018-02-08,4.3
2018-02-09,4.3
2018-02-11,4.3
2018-02-12,4.3
2018-02-13,4.3
2018-02-14,4.3
2018-02-22,4.3
2018-02-23,4.3
2018-02-24,4.3
2018-02-26,4.3
2018-02-27,4.3
2018-02-28,4.3
2018-03-01,4.3
2018-03-02,4.3
2018-03-05,4.3
2018-03-06,4.3
2018-03-07,4.3
2018-03-08,4.3
2018-03-09,4.3
2018-03-12,4.3
2018-03-13,4.3
2018-03-14,4.3
2018-03-15,4.3
2018-03-16,4.3
2018-03-19,4.3
2018-03-20,4.3
2018-03-21,4.3
2018-03-22,4.3
2018-03-23,4.3
2018-03-26,4.3
2018-03-27,4.3
2018-03-28,4.3
2018-03-29,4.3
2018-03-30,4.3
2018-04-02,4.3
2018-04-03,4.3
2018-04-04,4.3
2018-04-08,4.31
2018-04-09,4.31
2018-04-10,4.31
2018-04-11,4.31
2018-04-12,4.31
2018-04-13,4.31
2018-04-16,4.31
2018-04-17,4.31
2018-04-18,4.31
2018-04-19,4.31
2018-04-20,4.31
2018-04-23,4.31
2018-04-24,4.31
2018-04-25,4.31
2018-04-26,4.31
2018-04-27,4.31
2018-04-28,4.31
2018-05-02,4.31
2018-05-03,4.31
2018-05-04,4.31
2018-05-07,4.31
2018-05-08,4.31
2018-05-09,4.31
2018-05-10,4.31
2018-05-11,4.31
2018-05-14,4.31
2018-05-15,4.31
2018-05-16,4.31
2018-05-17,4.31
2018-05-18,4.31
2018-05-21,4.31
2018-05-22,4.31
2018-05-23,4.31
2018-05-24,4.31
2018-05-25,4.31
2018-05-28,4.31
2018-05-29,4.31
2018-05-30,4.31
2018-05-31,4.31
2018-06-01,4.31
2018-06-04,4.31
2018-06-05,4.31
2018-06-06,4.31
2018-06-07,4.31
2018-06-08,4.31
2018-06-11,4.31
2018-06-12,4.31
2018-06-13,4.31
2018-06-14,4.31
2018-06-15,4.31
2018-06-19,4.31
2018-06-20,4.31
2018-06-21,4.31
2018-06-22,4.31
2018-06-25,4.31
2018-06-26,4.31
2018-06-27,4.31
2018-06-28,4.31
2018-06-29,4.31
2018-07-02,4.31
2018-07-03,4.31
2018-07-04,4.31
2018-07-05,4.31
2018-07-06,4.31
2018-07-09,4.31
2018-07-10,4.31
2018-07-11,4.31
2018-07-12,4.31
2018-07-13,4.31
2018-07-16,4.31
2018-07-17,4.31
2018-07-18,4.31
2018-07-19,4.31
2018-07-20,4.31
2018-07-23,4.31
2018-07-24,4.31
2018-07-25,4.31
2018-07-26,4.31
2018-07-27,4.31
2018-07-30,4.31
2018-07-31,4.31
2018-08-01,4.31
2018-08-02,4.31
2018-08-03,4.31
2018-08-06,4.31
2018-08-07,4.31
2018-08-08,4.31
2018-08-09,4.31
2018-08-10,4.31
2018-08-13,4.31
2018-08-14,4.31
2018-08-15,4.31
2018-08-16,4.31
2018-08-17,4.31
2018-08-20,4.31
2018-08-21,4.31
2018-08-22,4.31
2018-08-23,4.31
2018-08-24,4.31
2018-08-27,4.31
2018-08-28,4.31
2018-08-29,4.31
2018-08-30,4.31
2018-08-31,4.31
2018-09-03,4.31
2018-09-04,4.31
2018-09-05,4.31
2018-09-06,4.31
2018-09-07,4.31
2018-09-10,4.31
2018-09-11,4.31
2018-09-12,4.31
2018-09-13,4.31
2018-09-14,4.31
2018-09-17,4.31
2018-09-18,4.31
2018-09-19,4.31
2018-09-20,4.31
2018-09-21,4.31
2018-09-25,4.31
2018-09-26,4.31
2018-09-27,4.31
2018-09-28,4.31
2018-09-29,4.31
2018-09-30,4.31
2018-10-08,4.31
2018-10-09,4.31
2018-10-10,4.31
2018-10-11,4.31
2018-10-12,4.31
2018-10-15,4.31
2018-10-16,4.31
2018-10-17,4.31
2018-10-18,4.31
2018-10-19,4.31
2018-10-22,4.31
2018-10-23,4.31
2018-10-24,4.31
2018-10-25,4.31
2018-10-26,4.31
2018-10-29,4.31
2018-10-30,4.31
2018-10-31,4.31
2018-11-01,4.31
2018-11-02,4.31
2018-11-05,4.31
2018-11-06,4.31
2018-11-07,4.31
2018-11-08,4.31
2018-11-09,4.31
2018-11-12,4.31
2018-11-13,4.31
2018-11-14,4.31
2018-11-15,4.31
2018-11-16,4.31
2018-11-19,4.31
2018-11-20,4.31
2018-11-21,4.31
2018-11-22,4.31
2018-11-23,4.31
2018-11-26,4.31
2018-11-27,4.31
2018-11-28,4.31
2018-11-29,4.31
2018-11-30,4.31
2018-12-03,4.31
2018-12-04,4.31
2018-12-05,4.31
2018-12-06,4.31
2018-12-07,4.31
2018-12-10,4.31
2018-12-11,4.31
2018-12-12,4.31
2018-12-13,4.31
2018-12-14,4.31
2018-12-17,4.31
2018-12-18,4.31
2018-12-19,4.31
2018-12-20,4.31
2018-12-21,4.31
2018-12-24,4.31
2018-12-25,4.31
2018-12-26,4.31
2018-12-27,4.31
2018-12-28,4.31
2018-12-29,4.31
2019-01-02,4.31
2019-01-03,4.31
2019-01-04,4.31
2019-01-07,4.31
2019-01-08,4.31
2019-01-09,4.31
2019-01-10,4.31
2019-01-11,4.31
2019-01-14,4.31
2019-01-15,4.31
2019-01-16,4.31
2019-01-17,4.31
2019-01-18,4.31
2019-01-21,4.31
2019-01-22,4.31
2019-01-23,4.31
2019-01-24,4.31
2019-01-25,4.31
2019-01-28,4.31
2019-01-29,4.31
2019-01-30,4.31
2019-01-31,4.31
2019-02-01,4.31
2019-02-02,4.31
2019-02-03,4.31
2019-02-11,4.31
2019-02-12,4.31
2019-02-13,4.31
2019-02-14,4.31
2019-02-15,4.31
2019-02-18,4.31
2019-02-19,4.31
2019-02-20,4.31
2019-02-21,4.31
2019-02-22,4.31
2019-02-25,4.31
2019-02-26,4.31
2019-02-27,4.31
2019-02-28,4.31
2019-03-01,4.31
2019-03-04,4.31
2019-03-05,4.31
2019-03-06,4.31
2019-03-07,4.31
2019-03-08,4.31
2019-03-11,4.31
2019-03-12,4.31
2019-03-13,4.31
2019-03-14,4.31
2019-03-15,4.31
2019-03-18,4.31
2019-03-19,4.31
2019-03-20,4.31
2019-03-21,4.31
2019-03-22,4.31
2019-03-25,4.31
2019-03-26,4.31
2019-03-27,4.31
2019-03-28,4.31
2019-03-29,4.31
2019-04-01,4.31
2019-04-02,4.31
2019-04-03,4.31
2019-04-04,4.31
2019-04-08,4.31
2019-04-09,4.31
2019-04-10,4.31
2019-04-11,4.31
2019-04-12,4.31
2019-04-15,4.31
2019-04-16,4.31
2019-04-17,4.31
2019-04-18,4.31
2019-04-19,4.31
2019-04-22,4.31
2019-04-23,4.31
2019-04-24,4.31
2019-04-25,4.31
2019-04-26,4.31
2019-04-28,4.31
2019-04-29,4.31
2019-04-30,4.31
2019-05-06,4.31
2019-05-07,4.31
2019-05-08,4.31
2019-05-09,4.31
2019-05-10,4.31
2019-05-13,4.31
2019-05-14,4.31
2019-05-15,4.31
2019-05-16,4.31
2019-05-17,4.31
2019-05-20,4.31
2019-05-21,4.31
2019-05-22,4.31
2019-05-23,4.31
2019-05-24,4.31
2019-05-27,4.31
2019-05-28,4.31
2019-05-29,4.31
2019-05-30,4.31
2019-05-31,4.31
2019-06-03,4.31
2019-06-04,4.31
2019-06-05,4.31
2019-06-06,4.31
2019-06-10,4.31
2019-06-11,4.31
2019-06-12,4.31
2019-06-13,4.31
2019-06-14,4.31
2019-06-17,4.31
2019-06-18,4.31
2019-06-19,4.31
2019-06-20,4.31
2019-06-21,4.31
2019-06-24,4.31
2019-06-25,4.31
2019-06-26,4.31
2019-06-27,4.31
2019-06-28,4.31
2019-07-01,4.31
2019-07-02,4.31
2019-07-03,4.31
2019-07-04,4.31
2019-07-05,4.31
2019-07-08,4.31
2019-07-09,4.31
2019-07-10,4.31
2019-07-11,4.31
2019-07-12,4.31
2019-07-15,4.31
2019-07-16,4.31
2019-07-17,4.31
2019-07-18,4.31
2019-07-19,4.31
2019-07-22,4.31
2019-07-23,4.31
2019-07-24,4.31
2019-07-25,4.31
2019-07-26,4.31
2019-07-29,4.31
2019-07-30,4.31
2019-07-31,4.31
2019-08-01,4.31
2019-08-02,4.31
2019-08-05,4.31
2019-08-06,4.31
2019-08-07,4.31
2019-08-08,4.31
2019-08-09,4.31
2019-08-12,4.31
2019-08-13,4.31
2019-08-14,4.31
2019-08-15,4.31
2019-08-16,4.31
2019-08-20,4.25
2019-09-20,4.2
2019-10-21,4.2
2019-11-20,4.15
2019-12-20,4.15
2020-01-20,4.15
2020-02-20,4.05
2020-03-20,4.05
2020-04-20,3.85
2020-05-20,3.85
2020-06-22,3.85
2020-07-20,3.85
2020-08-20,3.85
2020-09-21,3.85
2020-10-20,3.85
2020-11-20,3.85
2020-12-21,3.85
2021-01-20,3.85
2021-02-20,3.85
2021-03-22,3.85
2021-04-20,3.85
2021-05-20,3.85
2021-06-21,3.85
2021-07-20,3.85
2021-08-20,3.85
2021-09-22,3.85
2021-10-20,3.85
2021-11-22,3.85
2021-12-20,3.8
2022-01-20,3.7
2022-02-21,3.7
2022-03-21,3.7
2022-04-20,3.7
2022-05-20,3.7
2022-06-20,3.7
2022-07-20,3.7
2022-08-22,3.65
2022-09-20,3.65
2022-10-20,3.65
2022-11-21,3.65
2022-12-20,3.65
2023-01-20,3.65
2023-02-20,3.65
2023-03-20,3.65
2023-04-20,3.65
2023-05-22,3.65
2023-06-20,3.55
2023-07-20,3.55
2023-08-21,3.45
2023-09-20,3.45
2023-10-20,3.45
2023-11-20,3.45
2023-12-20,3.45
2024-01-22,3.45
2024-02-20,3.45
2024-03-20,3.45
2024-04-22,3.45
2024-05-20,3.45
2024-06-20,3.45
2024-07-22,3.35
2024-08-20,3.35
2024-09-20,3.35
2024-10-21,3.1
2024-12-20,3.1
2025-01-20,3.1
2025-02-20,3.1
2025-03-20,3.1
2025-04-21,3.1
2025-05-20,3.0
2025-06-20,3.0
2025-07-21,3.0
2025-08-20,3.0
2025-09-22,3.0
2025-10-20,3.0
2025-11-20,3.0
2025-12-22,3.0
2026-01-20,3.0
2026-02-24,3.0
2026-03-20,3.0
2026-04-20,3.0
2026-05-20,3.0
2026-06-22,3.0
2026-07-20,3.0
