date,shibor_on,shibor_1w
2022-09-09,1.173,1.476
2022-09-13,1.171,1.521
2022-09-14,1.173,1.557
2022-09-15,1.226,1.547
2022-09-16,1.294,1.643
2022-09-19,1.41,1.699
2022-09-20,1.458,1.687
2022-09-21,1.468,1.726
2022-09-22,1.461,1.646
2022-09-23,1.465,1.608
2022-09-26,1.429,1.84
2022-09-27,1.399,1.697
2022-09-28,1.27,1.747
2022-09-29,0.964,2.015
2022-09-30,2.081,2.055
2022-10-08,1.652,1.699
2022-10-09,1.178,1.616
2022-10-10,1.11,1.497
2022-10-11,1.183,1.621
2022-10-12,1.155,1.611
2022-10-13,1.182,1.638
2022-10-14,1.133,1.594
2022-10-17,1.167,1.558
2022-10-18,1.134,1.53
2022-10-19,1.116,1.547
2022-10-20,1.154,1.581
2022-10-21,1.23,1.682
2022-10-24,1.394,1.726
2022-10-25,1.763,1.876
2022-10-26,1.775,1.995
2022-10-27,1.764,2.013
2022-10-28,1.327,1.963
2022-10-31,1.739,1.952
2022-11-01,1.843,1.829
2022-11-02,1.755,1.771
2022-11-03,1.324,1.718
2022-11-04,1.386,1.702
2022-11-07,1.62,1.786
2022-11-08,1.756,1.812
2022-11-09,1.808,1.855
2022-11-10,1.826,1.938
2022-11-11,1.704,1.888
2022-11-14,1.646,1.846
2022-11-15,1.853,1.929
2022-11-16,1.936,1.998
2022-11-17,1.699,1.863
2022-11-18,1.364,1.791
2022-11-21,1.139,1.675
2022-11-22,0.871,1.665
2022-11-23,1.039,1.673
2022-11-24,1.044,1.769
2022-11-25,1.021,1.744
2022-11-28,1.033,1.881
2022-11-29,1.023,1.865
2022-11-30,1.515,1.915
2022-12-01,1.458,1.729
2022-12-02,1.157,1.693
2022-12-05,1.08,1.689
2022-12-06,1.043,1.677
2022-12-07,1.007,1.663
2022-12-08,1.064,1.71
2022-12-09,1.071,1.759
2022-12-12,1.052,1.61
2022-12-13,1.032,1.748
2022-12-14,1.199,1.669
2022-12-15,1.223,1.626
2022-12-16,1.224,1.752
2022-12-19,1.217,1.8
2022-12-20,1.166,1.807
2022-12-21,0.921,1.687
2022-12-22,0.783,1.579
2022-12-23,0.585,1.687
2022-12-26,0.82,1.961
2022-12-27,0.632,2.004
2022-12-28,0.522,2.019
2022-12-29,0.441,2.261
2022-12-30,1.957,2.223
2023-01-03,1.475,1.92
2023-01-04,1.003,1.582
2023-01-05,0.574,1.388
2023-01-06,0.539,1.58
2023-01-09,0.671,1.729
2023-01-10,1.116,1.933
2023-01-11,1.426,1.996
2023-01-12,1.465,1.992
2023-01-13,1.242,1.94
2023-01-16,1.568,2.054
2023-01-17,1.852,2.195
2023-01-18,1.933,2.135
2023-01-19,1.656,2.281
2023-01-20,1.834,1.988
2023-01-28,1.432,1.915
2023-01-29,1.202,1.854
2023-01-30,1.411,2.05
2023-01-31,1.988,2.121
2023-02-01,2.119,2.045
2023-02-02,1.635,1.959
2023-02-03,1.262,1.85
2023-02-06,1.782,2.007
2023-02-07,2.241,2.086
2023-02-08,2.365,2.194
2023-02-09,2.318,2.198
2023-02-10,1.865,1.961
2023-02-13,1.412,1.923
2023-02-14,1.576,2.007
2023-02-15,1.902,1.996
2023-02-16,2.005,2.095
2023-02-17,2.115,2.198
2023-02-20,2.157,2.104
2023-02-21,2.195,2.136
2023-02-22,1.765,2.158
2023-02-23,1.475,2.163
2023-02-24,1.433,2.243
2023-02-27,1.817,2.177
2023-02-28,2.083,2.352
2023-03-01,2.087,2.09
2023-03-02,1.62,1.993
2023-03-03,1.291,1.931
2023-03-06,1.231,1.816
2023-03-07,1.436,1.873
2023-03-08,1.648,1.915
2023-03-09,1.373,1.921
2023-03-10,1.829,2.013
2023-03-13,1.614,1.959
2023-03-14,1.829,2.055
2023-03-15,2.109,2.089
2023-03-16,2.294,2.177
2023-03-17,2.262,2.086
2023-03-20,2.273,2.163
2023-03-21,2.459,2.198
2023-03-22,2.024,2.078
2023-03-23,1.558,1.937
2023-03-24,1.288,1.703
2023-03-27,1.106,2.117
2023-03-28,1.121,2.028
2023-03-29,0.901,2.157
2023-03-30,0.836,2.144
2023-03-31,1.838,2.215
2023-04-03,1.354,1.924
2023-04-04,1.103,1.87
2023-04-06,1.34,1.978
2023-04-07,1.374,1.997
2023-04-10,1.324,2.004
2023-04-11,1.421,1.985
2023-04-12,1.39,1.997
2023-04-13,1.326,1.998
2023-04-14,1.605,2.0
2023-04-17,1.818,2.048
2023-04-18,2.047,2.078
2023-04-19,2.13,2.097
2023-04-20,2.207,2.101
2023-04-21,2.272,2.199
2023-04-23,1.806,2.096
2023-04-24,1.599,2.117
2023-04-25,1.683,2.022
2023-04-26,1.217,2.062
2023-04-27,0.868,2.211
2023-04-28,2.134,2.3
2023-05-04,1.658,1.963
2023-05-05,1.234,1.815
2023-05-06,1.095,1.745
2023-05-08,1.408,1.795
2023-05-09,1.239,1.825
2023-05-10,1.11,1.902
2023-05-11,1.102,1.803
2023-05-12,1.32,1.829
2023-05-15,1.523,1.874
2023-05-16,1.476,1.766
2023-05-17,1.54,1.844
2023-05-18,1.463,1.76
2023-05-19,1.408,1.91
2023-05-22,1.276,1.897
2023-05-23,1.224,1.824
2023-05-24,1.271,1.762
2023-05-25,1.578,1.908
2023-05-26,1.438,1.992
2023-05-29,1.37,1.937
2023-05-30,1.296,1.993
2023-05-31,1.716,2.058
2023-06-01,1.74,1.848
2023-06-02,1.307,1.814
2023-06-05,1.23,1.847
2023-06-06,1.275,1.767
2023-06-07,1.404,1.855
2023-06-08,1.339,1.85
2023-06-09,1.251,1.826
2023-06-12,1.289,1.83
2023-06-13,1.673,1.84
2023-06-14,1.321,1.846
2023-06-15,1.43,1.839
2023-06-16,1.92,1.925
2023-06-19,2.228,1.984
2023-06-20,1.989,2.043
2023-06-21,1.844,2.009
2023-06-25,1.413,1.95
2023-06-26,1.15,1.867
2023-06-27,1.112,1.851
2023-06-28,1.107,1.867
2023-06-29,1.086,1.884
2023-06-30,1.484,2.063
2023-07-03,1.056,1.795
2023-07-04,1.188,1.758
2023-07-05,1.117,1.808
2023-07-06,1.048,1.763
2023-07-07,1.104,1.779
2023-07-10,1.154,1.726
2023-07-11,1.183,1.744
2023-07-12,1.235,1.781
2023-07-13,1.439,1.782
2023-07-14,1.332,1.806
2023-07-17,1.312,1.86
2023-07-18,1.531,1.892
2023-07-19,1.65,1.872
2023-07-20,1.558,1.832
2023-07-21,1.531,1.826
2023-07-24,1.534,1.808
2023-07-25,1.516,1.843
2023-07-26,1.459,1.853
2023-07-27,1.396,1.818
2023-07-28,1.473,1.826
2023-07-31,1.847,1.963
2023-08-01,1.558,1.806
2023-08-02,1.301,1.777
2023-08-03,1.083,1.671
2023-08-04,1.141,1.64
2023-08-07,1.518,1.737
2023-08-08,1.361,1.775
2023-08-09,1.541,1.782
2023-08-10,1.34,1.758
2023-08-11,1.331,1.777
2023-08-14,1.684,1.832
2023-08-15,1.77,1.886
2023-08-16,1.833,1.831
2023-08-17,1.842,1.868
2023-08-18,1.946,1.886
2023-08-21,1.937,1.875
2023-08-22,1.818,1.824
2023-08-23,1.738,1.81
2023-08-24,1.569,1.795
2023-08-25,1.819,1.896
2023-08-28,1.91,2.056
2023-08-29,1.973,2.091
2023-08-30,1.911,2.235
2023-08-31,1.865,2.103
2023-09-01,1.677,1.814
2023-09-04,1.528,1.728
2023-09-05,1.39,1.733
2023-09-06,1.493,1.795
2023-09-07,1.84,1.904
2023-09-08,1.893,1.835
2023-09-11,1.906,1.955
2023-09-12,1.834,1.931
2023-09-13,1.524,1.874
2023-09-14,1.766,1.917
2023-09-15,1.763,1.9
2023-09-18,1.912,1.891
2023-09-19,1.837,1.925
2023-09-20,2.038,1.961
2023-09-21,1.884,1.951
2023-09-22,1.727,1.988
2023-09-25,1.694,2.005
2023-09-26,1.741,1.969
2023-09-27,1.706,1.848
2023-09-28,2.155,2.195
2023-10-07,1.701,1.831
2023-10-08,1.597,1.764
2023-10-09,1.73,1.801
2023-10-10,1.827,1.861
2023-10-11,1.864,1.895
2023-10-12,1.81,1.889
2023-10-13,1.741,1.893
2023-10-16,1.722,1.793
2023-10-17,1.814,1.844
2023-10-18,1.835,1.899
2023-10-19,1.859,1.929
2023-10-20,1.907,2.103
2023-10-23,1.931,1.933
2023-10-24,1.877,1.988
2023-10-25,1.952,2.006
2023-10-26,1.65,2.045
2023-10-27,1.626,2.053
2023-10-30,1.695,2.041
2023-10-31,1.75,1.965
2023-11-01,1.789,1.889
2023-11-02,1.494,1.837
2023-11-03,1.623,1.742
2023-11-06,1.579,1.752
2023-11-07,1.637,1.817
2023-11-08,1.73,1.822
2023-11-09,1.647,1.824
2023-11-10,1.701,1.826
2023-11-13,1.754,1.84
2023-11-14,1.913,1.967
2023-11-15,1.863,1.896
2023-11-16,1.907,1.951
2023-11-17,1.8822,1.9622
2023-11-20,1.897,1.962
2023-11-21,1.89,1.961
2023-11-22,1.899,1.997
2023-11-23,1.896,1.949
2023-11-24,1.837,2.195
2023-11-27,1.809,2.094
2023-11-28,1.711,2.051
2023-11-29,1.608,2.076
2023-11-30,1.858,2.166
2023-12-01,1.618,1.795
2023-12-04,1.724,1.759
2023-12-05,1.714,1.816
2023-12-06,1.606,1.763
2023-12-07,1.619,1.755
2023-12-08,1.63,1.798
2023-12-11,1.755,1.855
2023-12-12,1.761,1.839
2023-12-13,1.634,1.789
2023-12-14,1.628,1.763
2023-12-15,1.594,1.753
2023-12-18,1.623,1.818
2023-12-19,1.57,1.767
2023-12-20,1.592,1.784
2023-12-21,1.711,1.801
2023-12-22,1.616,1.762
2023-12-25,1.592,1.822
2023-12-26,1.494,1.844
2023-12-27,1.467,1.864
2023-12-28,1.429,1.937
2023-12-29,1.746,1.867
2024-01-02,1.586,1.786
2024-01-03,1.604,1.805
2024-01-04,1.589,1.783
2024-01-05,1.588,1.77
2024-01-08,1.585,1.772
2024-01-09,1.582,1.79
2024-01-10,1.588,1.797
2024-01-11,1.627,1.799
2024-01-12,1.678,1.846
2024-01-15,1.677,1.862
2024-01-16,1.745,1.934
2024-01-17,1.832,1.943
2024-01-18,1.734,1.819
2024-01-19,1.724,1.831
2024-01-22,1.76,1.844
2024-01-23,1.76,1.807
2024-01-24,1.808,1.84
2024-01-25,1.844,1.872
2024-01-26,1.82,1.899
2024-01-29,1.731,1.863
2024-01-30,1.618,1.959
2024-01-31,1.708,1.829
2024-02-01,1.676,1.809
2024-02-02,1.719,1.846
2024-02-04,1.711,1.958
2024-02-05,1.68,1.946
2024-02-06,1.727,1.966
2024-02-07,1.716,1.947
2024-02-08,1.697,1.791
2024-02-09,1.853,1.857
2024-02-18,1.699,1.817
2024-02-19,1.607,1.785
2024-02-20,1.63,1.787
2024-02-21,1.698,1.819
2024-02-22,1.635,1.815
2024-02-23,1.747,1.816
2024-02-26,1.779,1.883
2024-02-27,1.819,1.904
2024-02-28,1.7056,1.8178
2024-02-29,1.639,1.775
2024-03-01,1.694,1.806
2024-03-04,1.711,1.811
2024-03-05,1.719,1.855
2024-03-06,1.713,1.822
2024-03-07,1.713,1.827
2024-03-08,1.72,1.848
2024-03-11,1.731,1.853
2024-03-12,1.721,1.853
2024-03-13,1.735,1.882
2024-03-14,1.746,1.88
2024-03-15,1.766,1.89
2024-03-18,1.746,1.854
2024-03-19,1.754,1.87
2024-03-20,1.765,1.844
2024-03-21,1.771,1.834
2024-03-22,1.772,1.845
2024-03-25,1.774,1.898
2024-03-26,1.77,1.957
2024-03-27,1.77,1.972
2024-03-28,1.734,1.948
2024-03-29,1.718,1.967
2024-04-01,1.728,1.857
2024-04-02,1.704,1.833
2024-04-03,1.685,1.821
2024-04-07,1.708,1.805
2024-04-08,1.711,1.815
2024-04-09,1.718,1.816
2024-04-10,1.722,1.817
2024-04-11,1.721,1.815
2024-04-12,1.717,1.82
2024-04-15,1.716,1.797
2024-04-16,1.715,1.805
2024-04-17,1.723,1.816
2024-04-18,1.776,1.836
2024-04-19,1.797,1.87
2024-04-22,1.78,1.831
2024-04-23,1.788,1.824
2024-04-24,1.784,1.855
2024-04-25,1.846,1.885
2024-04-26,1.879,1.912
2024-04-28,1.806,1.951
2024-04-29,1.823,2.08
2024-04-30,1.921,2.109
2024-05-06,1.777,1.874
2024-05-07,1.744,1.845
2024-05-08,1.837,1.867
2024-05-09,1.727,1.822
2024-05-10,1.733,1.836
2024-05-11,1.724,1.85
2024-05-13,1.781,1.836
2024-05-14,1.769,1.837
2024-05-15,1.727,1.808
2024-05-16,1.724,1.801
2024-05-17,1.719,1.808
2024-05-20,1.719,1.803
2024-05-21,1.758,1.847
2024-05-22,1.779,1.838
2024-05-23,1.769,1.829
2024-05-24,1.766,1.818
2024-05-27,1.767,1.888
2024-05-28,1.81,1.885
2024-05-29,1.849,1.897
2024-05-30,1.746,1.903
2024-05-31,1.805,1.851
2024-06-03,1.723,1.811
2024-06-04,1.663,1.785
2024-06-05,1.664,1.776
2024-06-06,1.656,1.78
2024-06-07,1.719,1.751
2024-06-11,1.679,1.802
2024-06-12,1.68,1.796
2024-06-13,1.723,1.817
2024-06-14,1.732,1.813
2024-06-17,1.783,1.862
2024-06-18,1.829,1.882
2024-06-19,1.853,1.861
2024-06-20,1.877,1.89
2024-06-21,1.96,1.939
2024-06-24,1.98,2.008
2024-06-25,1.964,2.014
2024-06-26,1.976,2.083
2024-06-27,1.879,2.028
2024-06-28,1.889,2.099
2024-07-01,1.749,1.802
2024-07-02,1.715,1.796
2024-07-03,1.688,1.8
2024-07-04,1.712,1.811
2024-07-05,1.764,1.807
2024-07-08,1.754,1.82
2024-07-09,1.679,1.804
2024-07-10,1.64,1.8
2024-07-11,1.67,1.803
2024-07-12,1.668,1.801
2024-07-15,1.78,1.821
2024-07-16,1.894,1.894
2024-07-17,1.913,1.885
2024-07-18,1.933,1.893
2024-07-19,1.855,1.855
2024-07-22,1.647,1.715
2024-07-23,1.736,1.751
2024-07-24,1.739,1.742
2024-07-25,1.764,1.871
2024-07-26,1.689,1.913
2024-07-29,1.631,1.895
2024-07-30,1.639,1.814
2024-07-31,1.782,1.772
2024-08-01,1.608,1.7
2024-08-02,1.573,1.7
2024-08-05,1.585,1.694
2024-08-06,1.583,1.687
2024-08-07,1.617,1.708
2024-08-08,1.681,1.763
2024-08-09,1.778,1.795
2024-08-12,1.951,1.893
2024-08-13,1.928,1.828
2024-08-14,1.842,1.869
2024-08-15,1.754,1.814
2024-08-16,1.7,1.811
2024-08-19,1.682,1.722
2024-08-20,1.712,1.761
2024-08-21,1.722,1.808
2024-08-22,1.765,1.821
2024-08-23,1.801,1.825
2024-08-26,1.862,1.936
2024-08-27,1.667,1.869
2024-08-28,1.52,1.758
2024-08-29,1.514,1.628
2024-08-30,1.529,1.647
2024-09-02,1.516,1.689
2024-09-03,1.568,1.68
2024-09-04,1.529,1.67
2024-09-05,1.578,1.68
2024-09-06,1.716,1.676
2024-09-09,1.8,1.833
2024-09-10,1.955,1.834
2024-09-11,1.773,1.776
2024-09-12,1.777,1.794
2024-09-13,1.656,1.806
2024-09-14,1.611,1.746
2024-09-18,1.744,1.86
2024-09-19,1.879,1.947
2024-09-20,1.932,1.929
2024-09-23,1.921,1.859
2024-09-24,1.785,1.92
2024-09-25,1.643,1.873
2024-09-26,1.608,1.838
2024-09-27,1.401,1.661
2024-09-29,1.336,1.727
2024-09-30,1.514,1.522
2024-10-08,1.509,1.697
2024-10-09,1.618,1.803
2024-10-10,1.527,1.7
2024-10-11,1.406,1.526
2024-10-12,1.306,1.511
2024-10-14,1.418,1.587
2024-10-15,1.407,1.517
2024-10-16,1.46,1.59
2024-10-17,1.425,1.549
2024-10-18,1.399,1.568
2024-10-21,1.474,1.584
2024-10-22,1.477,1.579
2024-10-23,1.49,1.595
2024-10-24,1.53,1.596
2024-10-25,1.507,1.703
2024-10-28,1.495,1.658
2024-10-29,1.439,1.75
2024-10-30,1.394,1.656
2024-10-31,1.364,1.656
2024-11-01,1.36,1.507
2024-11-04,1.346,1.496
2024-11-05,1.338,1.5
2024-11-06,1.33,1.5
2024-11-07,1.319,1.555
2024-11-08,1.461,1.645
2024-11-11,1.443,1.655
2024-11-12,1.525,1.687
2024-11-13,1.465,1.644
2024-11-14,1.456,1.674
2024-11-15,1.47,1.685
2024-11-18,1.47,1.697
2024-11-19,1.48,1.693
2024-11-20,1.47,1.684
2024-11-21,1.455,1.659
2024-11-22,1.456,1.653
2024-11-25,1.464,1.727
2024-11-26,1.43,1.723
2024-11-27,1.385,1.7
2024-11-28,1.329,1.726
2024-11-29,1.319,1.631
2024-12-02,1.414,1.591
2024-12-03,1.337,1.601
2024-12-04,1.381,1.588
2024-12-05,1.479,1.688
2024-12-06,1.478,1.686
2024-12-09,1.516,1.736
2024-12-10,1.47,1.784
2024-12-11,1.528,1.722
2024-12-12,1.482,1.635
2024-12-13,1.404,1.758
2024-12-16,1.421,1.762
2024-12-17,1.425,1.787
2024-12-18,1.428,1.776
2024-12-19,1.424,1.627
2024-12-20,1.414,1.62
2024-12-23,1.31,1.525
2024-12-24,1.321,1.489
2024-12-25,1.365,1.516
2024-12-26,1.386,1.533
2024-12-27,1.388,1.74
2024-12-30,1.367,1.95
2024-12-31,1.454,1.966
2025-01-02,1.532,1.643
2025-01-03,1.618,1.67
2025-01-06,1.454,1.596
2025-01-07,1.483,1.541
2025-01-08,1.523,1.58
2025-01-09,1.547,1.632
2025-01-10,1.643,1.692
2025-01-13,1.823,1.96
2025-01-14,1.965,2.162
2025-01-15,1.832,2.117
2025-01-16,1.833,2.192
2025-01-17,1.848,2.039
2025-01-20,1.835,2.013
2025-01-21,1.779,1.906
2025-01-22,1.78,1.813
2025-01-23,1.764,1.995
2025-01-24,1.77,2.078
2025-01-26,1.669,1.864
2025-01-27,1.708,1.715
2025-02-05,1.793,1.844
2025-02-06,1.792,1.785
2025-02-07,1.816,1.732
2025-02-08,1.769,1.634
2025-02-10,1.841,1.729
2025-02-11,1.919,1.838
2025-02-12,1.832,1.845
2025-02-13,1.827,1.763
2025-02-14,1.889,1.894
2025-02-17,1.893,1.999
2025-02-18,1.933,2.209
2025-02-19,1.915,1.934
2025-02-20,1.919,1.992
2025-02-21,1.931,2.139
2025-02-24,1.866,1.941
2025-02-25,1.862,2.128
2025-02-26,1.875,2.131
2025-02-27,1.867,2.24
2025-02-28,1.865,2.093
2025-03-03,1.816,1.812
2025-03-04,1.686,1.718
2025-03-05,1.755,1.751
2025-03-06,1.79,1.748
2025-03-07,1.801,1.718
2025-03-10,1.819,1.78
2025-03-11,1.782,1.786
2025-03-12,1.758,1.78
2025-03-13,1.771,1.774
2025-03-14,1.811,1.742
2025-03-17,1.805,1.819
2025-03-18,1.785,1.903
2025-03-19,1.763,1.856
2025-03-20,1.785,1.778
2025-03-21,1.76,1.754
2025-03-24,1.75,1.745
2025-03-25,1.775,1.815
2025-03-26,1.785,1.9
2025-03-27,1.738,2.004
2025-03-28,1.728,1.936
2025-03-31,1.739,2.023
2025-04-01,1.823,1.807
2025-04-02,1.756,1.805
2025-04-03,1.617,1.689
2025-04-07,1.79,1.694
2025-04-08,1.744,1.725
2025-04-09,1.741,1.703
2025-04-10,1.607,1.681
2025-04-11,1.609,1.619
2025-04-14,1.644,1.665
2025-04-15,1.701,1.695
2025-04-16,1.708,1.696
2025-04-17,1.634,1.652
2025-04-18,1.66,1.654
2025-04-21,1.716,1.68
2025-04-22,1.709,1.67
2025-04-23,1.626,1.644
2025-04-24,1.61,1.69
2025-04-25,1.567,1.638
2025-04-27,1.606,1.641
2025-04-28,1.603,1.723
2025-04-29,1.541,1.748
2025-04-30,1.76,1.762
2025-05-06,1.702,1.707
2025-05-07,1.657,1.661
2025-05-08,1.539,1.594
2025-05-09,1.497,1.519
2025-05-12,1.422,1.496
2025-05-13,1.406,1.49
2025-05-14,1.405,1.501
2025-05-15,1.404,1.497
2025-05-16,1.654,1.545
2025-05-19,1.537,1.562
2025-05-20,1.509,1.556
2025-05-21,1.509,1.549
2025-05-22,1.465,1.523
2025-05-23,1.565,1.552
2025-05-26,1.506,1.579
2025-05-27,1.452,1.598
2025-05-28,1.411,1.578
2025-05-29,1.411,1.602
2025-05-30,1.471,1.617
2025-06-03,1.41,1.515
2025-06-04,1.408,1.543
2025-06-05,1.408,1.534
2025-06-06,1.411,1.5
2025-06-09,1.378,1.497
2025-06-10,1.362,1.496
2025-06-11,1.361,1.502
2025-06-12,1.367,1.521
2025-06-13,1.411,1.508
2025-06-16,1.388,1.51
2025-06-17,1.369,1.508
2025-06-18,1.366,1.505
2025-06-19,1.367,1.524
2025-06-20,1.368,1.529
2025-06-23,1.367,1.497
2025-06-24,1.37,1.629
2025-06-25,1.371,1.671
2025-06-26,1.37,1.67
2025-06-27,1.371,1.668
2025-06-30,1.422,1.763
2025-07-01,1.367,1.53
2025-07-02,1.365,1.497
2025-07-03,1.315,1.456
2025-07-04,1.313,1.423
2025-07-07,1.312,1.458
2025-07-08,1.312,1.455
2025-07-09,1.313,1.464
2025-07-10,1.316,1.474
2025-07-11,1.333,1.475
2025-07-14,1.415,1.515
2025-07-15,1.535,1.546
2025-07-16,1.466,1.504
2025-07-17,1.463,1.504
2025-07-18,1.462,1.494
2025-07-21,1.366,1.477
2025-07-22,1.317,1.462
2025-07-23,1.367,1.463
2025-07-24,1.635,1.545
2025-07-25,1.52,1.62
2025-07-28,1.467,1.596
2025-07-29,1.366,1.545
2025-07-30,1.317,1.501
2025-07-31,1.392,1.497
2025-08-01,1.315,1.446
2025-08-04,1.314,1.436
2025-08-05,1.315,1.432
2025-08-06,1.316,1.442
2025-08-07,1.315,1.434
2025-08-08,1.3144,1.4356
2025-08-11,1.315,1.432
2025-08-12,1.315,1.433
2025-08-13,1.315,1.434
2025-08-14,1.315,1.426
2025-08-15,1.398,1.465
2025-08-18,1.436,1.483
2025-08-19,1.464,1.517
2025-08-20,1.473,1.534
2025-08-21,1.466,1.495
2025-08-22,1.418,1.463
2025-08-25,1.356,1.484
2025-08-26,1.317,1.467
2025-08-27,1.315,1.491
2025-08-28,1.316,1.526
2025-08-29,1.331,1.51
2025-09-01,1.315,1.438
2025-09-02,1.314,1.431
2025-09-03,1.316,1.433
2025-09-04,1.316,1.437
2025-09-05,1.316,1.427
2025-09-08,1.353,1.438
2025-09-09,1.419,1.467
2025-09-10,1.425,1.449
2025-09-11,1.369,1.466
2025-09-12,1.367,1.46
2025-09-15,1.408,1.47
2025-09-16,1.437,1.475
2025-09-17,1.483,1.519
2025-09-18,1.514,1.528
2025-09-19,1.461,1.488
2025-09-22,1.427,1.466
2025-09-23,1.413,1.462
2025-09-24,1.434,1.59
2025-09-25,1.472,1.584
2025-09-26,1.321,1.501
2025-09-28,1.314,1.497
2025-09-29,1.315,1.523
2025-09-30,1.379,1.405
2025-10-09,1.322,1.495
2025-10-10,1.319,1.451
2025-10-11,1.314,1.403
2025-10-13,1.314,1.447
2025-10-14,1.315,1.423
2025-10-15,1.316,1.414
2025-10-16,1.316,1.419
2025-10-17,1.318,1.415
2025-10-20,1.317,1.418
2025-10-21,1.317,1.426
2025-10-22,1.318,1.422
2025-10-23,1.318,1.417
2025-10-24,1.32,1.414
2025-10-27,1.442,1.542
2025-10-28,1.469,1.53
2025-10-29,1.414,1.512
2025-10-30,1.317,1.484
2025-10-31,1.321,1.439
2025-11-03,1.316,1.412
2025-11-04,1.315,1.415
2025-11-05,1.315,1.423
2025-11-06,1.313,1.421
2025-11-07,1.327,1.422
2025-11-10,1.479,1.478
2025-11-11,1.508,1.501
2025-11-12,1.415,1.474
2025-11-13,1.315,1.474
2025-11-14,1.363,1.468
2025-11-17,1.508,1.514
2025-11-18,1.525,1.518
2025-11-19,1.42,1.487
2025-11-20,1.364,1.46
2025-11-21,1.32,1.417
2025-11-24,1.316,1.447
2025-11-25,1.316,1.433
2025-11-26,1.316,1.453
2025-11-27,1.314,1.425
2025-11-28,1.301,1.437
2025-12-01,1.307,1.454
2025-12-02,1.302,1.434
2025-12-03,1.301,1.426
2025-12-04,1.302,1.424
2025-12-05,1.301,1.416
2025-12-08,1.302,1.426
2025-12-09,1.303,1.431
2025-12-10,1.298,1.439
2025-12-11,1.283,1.432
2025-12-12,1.279,1.451
2025-12-15,1.274,1.432
2025-12-16,1.276,1.429
2025-12-17,1.275,1.428
2025-12-18,1.273,1.426
2025-12-19,1.2733,1.4311
2025-12-22,1.272,1.417
2025-12-23,1.272,1.399
2025-12-24,1.267,1.385
2025-12-25,1.262,1.4
2025-12-26,1.258,1.448
2025-12-29,1.248,1.558
2025-12-30,1.247,1.589
2025-12-31,1.327,1.956
2026-01-04,1.258,1.428
2026-01-05,1.264,1.423
2026-01-06,1.263,1.422
2026-01-07,1.266,1.45
2026-01-08,1.27,1.462
2026-01-09,1.272,1.461
2026-01-12,1.316,1.473
2026-01-13,1.391,1.523
2026-01-14,1.39,1.55
2026-01-15,1.374,1.485
2026-01-16,1.325,1.47
2026-01-19,1.318,1.467
2026-01-20,1.374,1.483
2026-01-21,1.322,1.488
2026-01-22,1.413,1.497
2026-01-23,1.396,1.491
2026-01-26,1.42,1.543
2026-01-27,1.371,1.564
2026-01-28,1.366,1.527
2026-01-29,1.368,1.572
2026-01-30,1.328,1.58
2026-02-02,1.365,1.485
2026-02-03,1.317,1.488
2026-02-04,1.318,1.473
2026-02-05,1.319,1.464
2026-02-06,1.277,1.435
2026-02-09,1.27,1.505
2026-02-10,1.362,1.531
2026-02-11,1.366,1.523
2026-02-12,1.368,1.518
2026-02-13,1.271,1.43
2026-02-14,1.3156,1.3233
2026-02-24,1.362,1.553
2026-02-25,1.378,1.497
2026-02-26,1.368,1.457
2026-02-27,1.358,1.474
2026-02-28,1.318,1.5
2026-03-02,1.315,1.466
2026-03-03,1.267,1.448
2026-03-04,1.266,1.415
2026-03-05,1.267,1.412
2026-03-06,1.319,1.412
2026-03-09,1.322,1.423
2026-03-10,1.318,1.432
2026-03-11,1.367,1.46
2026-03-12,1.337,1.465
2026-03-13,1.321,1.457
2026-03-16,1.32,1.441
2026-03-17,1.319,1.4291
2026-03-18,1.32,1.425
2026-03-19,1.321,1.423
2026-03-20,1.319,1.417
2026-03-23,1.317,1.422
2026-03-24,1.318,1.417
2026-03-25,1.319,1.435
2026-03-26,1.32,1.438
2026-03-27,1.317,1.428
2026-03-30,1.318,1.418
2026-03-31,1.277,1.438
2026-04-01,1.27,1.421
2026-04-02,1.271,1.404
2026-04-03,1.238,1.338
2026-04-07,1.226,1.324
2026-04-08,1.222,1.323
2026-04-09,1.223,1.32
2026-04-10,1.222,1.319
2026-04-13,1.224,1.359
2026-04-14,1.223,1.36
2026-04-15,1.221,1.367
2026-04-16,1.221,1.336
2026-04-17,1.221,1.326
2026-04-20,1.221,1.328
2026-04-21,1.22,1.331
2026-04-22,1.219,1.327
2026-04-23,1.219,1.329
2026-04-24,1.219,1.324
2026-04-27,1.24,1.358
2026-04-28,1.242,1.364
2026-04-29,1.243,1.373
2026-04-30,1.327,1.391
2026-05-06,1.271,1.365
2026-05-07,1.275,1.381
2026-05-08,1.255,1.345
2026-05-09,1.224,1.318
2026-05-11,1.221,1.34
2026-05-12,1.255,1.308
2026-05-13,1.267,1.299
2026-05-14,1.265,1.305
2026-05-15,1.267,1.313
2026-05-18,1.266,1.322
2026-05-19,1.265,1.32
2026-05-20,1.286,1.339
2026-05-21,1.288,1.331
2026-05-22,1.324,1.365
2026-05-25,1.327,1.401
2026-05-26,1.319,1.377
2026-05-27,1.317,1.371
2026-05-28,1.317,1.362
2026-05-29,1.324,1.387
2026-06-01,1.317,1.376
2026-06-02,1.315,1.353
2026-06-03,1.316,1.347
2026-06-04,1.316,1.348
2026-06-05,1.324,1.382
2026-06-08,1.354,1.401
2026-06-09,1.384,1.42
2026-06-10,1.384,1.413
2026-06-11,1.397,1.441
2026-06-12,1.398,1.453
2026-06-15,1.419,1.461
2026-06-16,1.423,1.488
2026-06-17,1.415,1.464
2026-06-18,1.421,1.462
2026-06-22,1.423,1.475
2026-06-23,1.455,1.497
2026-06-24,1.408,1.548
2026-06-25,1.399,1.513
2026-06-26,1.371,1.467
2026-06-29,1.356,1.45
2026-06-30,1.36,1.458
2026-07-01,1.403,1.463
2026-07-02,1.406,1.437
2026-07-03,1.369,1.396
2026-07-06,1.369,1.39
2026-07-07,1.374,1.3825
2026-07-08,1.3663,1.381
2026-07-09,1.36,1.38
2026-07-10,1.3601,1.383
2026-07-13,1.372,1.4
2026-07-14,1.389,1.402
2026-07-15,1.3925,1.4235
2026-07-16,1.389,1.44
2026-07-17,1.3971,1.435
2026-07-20,1.412,1.431
2026-07-21,1.382,1.401
2026-07-22,1.373,1.401
2026-07-23,1.365,1.393
2026-07-24,1.3812,1.4
2026-07-27,1.418,1.4316
2026-07-28,1.415,1.46
2026-07-29,1.438,1.51
2026-07-30,1.4,1.455
2026-07-31,1.41,1.453
2026-08-03,1.413,1.431
2026-08-04,1.366,1.388
2026-08-05,1.3604,1.377
2026-08-06,1.353,1.383
2026-08-07,1.361,1.391
2026-08-10,1.377,1.4
2026-08-11,1.358,1.394
2026-08-12,1.3712,1.3981
2026-08-13,1.367,1.3991
2026-08-14,1.363,1.39
2026-08-17,1.362,1.3854
2026-08-18,1.361,1.38
2026-08-19,1.381,1.385
2026-08-20,1.384,1.39
2026-08-21,1.434,1.4256
2026-08-24,1.419,1.432
2026-08-25,1.435,1.4535
2026-08-26,1.412,1.424
2026-08-27,1.365,1.394
2026-08-28,1.339,1.387
2026-08-31,1.413,1.414
2026-09-01,1.364,1.391
2026-09-02,1.363,1.377
2026-09-03,1.362,1.374
2026-09-04,1.362,1.376
2026-09-07,1.372,1.38
2026-09-08,1.371,1.38
2026-09-09,1.373,1.392
2026-09-10,1.404,1.41
2026-09-11,1.417,1.42
2026-09-14,1.412,1.418
2026-09-15,1.4294,1.421
