报告期,项目,税前金额_万元,所得税影响_万元,税后金额_万元
2023,政府补助,1200,180.0,1020.0
2023,理财产品投资收益,280,42.0,238.0
2023,公允价值变动损益,120,18.0,102.0
2023,非流动资产处置损益,300,45.0,255.0
2023,营业外收支净额,-60,-9.0,-51.0
2024,政府补助,1500,225.0,1275.0
2024,理财产品投资收益,360,54.0,306.0
2024,公允价值变动损益,180,27.0,153.0
2024,非流动资产处置损益,0,0.0,0.0
2024,营业外收支净额,40,6.0,34.0
2025,政府补助,1800,270.0,1530.0
2025,理财产品投资收益,420,63.0,357.0
2025,公允价值变动损益,260,39.0,221.0
2025,非流动资产处置损益,600,90.0,510.0
2025,营业外收支净额,-80,-12.0,-68.0
2026H1,政府补助,900,135.0,765.0
2026H1,理财产品投资收益,300,45.0,255.0
2026H1,公允价值变动损益,60,9.0,51.0
2026H1,非流动资产处置损益,0,0.0,0.0
2026H1,营业外收支净额,20,3.0,17.0
合计2023,,1840,276.0,1564.0
合计2024,,2080,312.0,1768.0
合计2025,,3000,450.0,2550.0
合计2026H1,,1280,192.0,1088.0
