报告期,类型,关联方,交易内容,金额_万元,定价方式,备注
2023,采购,杭州智联控股集团有限公司,原材料采购,1860,市场价,正常经营
2023,租赁,杭州智联控股集团有限公司,办公场所租赁,220,市场价,正常经营
2024,采购,杭州智联控股集团有限公司,原材料采购,2140,市场价,正常经营
2024,租赁,杭州智联控股集团有限公司,办公场所租赁,240,市场价,正常经营
2024,销售,苏州智联电子科技有限公司,功能模组销售,960,市场价,正常经营
2025,采购,杭州智联控股集团有限公司,原材料采购,2380,市场价,正常经营
2025,租赁,杭州智联控股集团有限公司,办公场所租赁,260,市场价,正常经营
2025,销售,苏州智联电子科技有限公司,功能模组销售,1240,市场价,正常经营
2025,资金往来,杭州智联控股集团有限公司,临时资金借入（无息）,3000,无息,已于 2025-12-31 前归还
2026H1,采购,杭州智联控股集团有限公司,原材料采购,1260,市场价,正常经营
2026H1,租赁,杭州智联控股集团有限公司,办公场所租赁,130,市场价,正常经营
2026H1,销售,苏州智联电子科技有限公司,功能模组销售,680,市场价,正常经营
