报告期,存货类别,账面余额_万元,跌价准备_万元,账面价值_万元
2023,原材料,5760,0,5760
2023,在产品,3240,0,3240
2023,库存商品,6840,0,6840
2023,发出商品,1440,0,1440
2023,低值易耗品及包装物,720,0,720
2023,合计,18000,0,18000
2024,原材料,7200,0,7200
2024,在产品,4050,0,4050
2024,库存商品,8550,0,8550
2024,发出商品,1800,0,1800
2024,低值易耗品及包装物,900,0,900
2024,合计,22500,0,22500
2025,原材料,8640,0,8640
2025,在产品,4860,0,4860
2025,库存商品,10260,0,10260
2025,发出商品,2160,0,2160
2025,低值易耗品及包装物,1080,0,1080
2025,合计,27000,0,27000
2026H1,原材料,9920,0,9920
2026H1,在产品,5580,0,5580
2026H1,库存商品,11780,0,11780
2026H1,发出商品,2480,0,2480
2026H1,低值易耗品及包装物,1240,0,1240
2026H1,合计,31000,0,31000
