序号,授信机构,业务品种,合同编号,币种,授信额度(万元),用信余额,保证金比例,起息日,到期日,业务状态
1,华信银行,流动资金贷款,HX2025-LD-001,CNY,6000,6000,0%,2025-08-15,2026-08-14,正常
2,工商银行,流动资金贷款,ICBC2025-0312,CNY,5000,5000,0%,2025-09-01,2026-08-31,正常
3,建设银行,流动资金贷款,CCB2025-1108,CNY,4000,4000,0%,2025-10-20,2026-10-19,正常
4,招商银行,流动资金贷款,CMB2025-0776,CNY,3000,3000,0%,2025-07-05,2026-07-04,正常
5,农业银行,流动资金贷款,ABC2025-2201,CNY,2500,1500,0%,2025-09-20,2026-09-19,正常
6,中国银行,银行承兑汇票,BOC2025-BA-2210,CNY,2500,2000,20%,2026-01-10,2026-07-09,正常
7,民生银行,银行承兑汇票,CMBC2025-BA-118,CNY,2000,1500,25%,2026-02-01,2026-08-01,正常
8,浦发银行,银行承兑汇票,SPDB2025-BA-77,CNY,1600,1200,25%,2026-02-15,2026-08-14,正常
9,兴业银行,银行承兑汇票,CIB2025-BA-210,CNY,1000,800,20%,2026-03-01,2026-08-31,正常
10,农业银行,银行承兑汇票,ABC2025-BA-66,CNY,800,500,20%,2026-03-01,2026-08-31,正常
11,中国银行,国内信用证,BOC2025-LC-334,CNY,2000,1500,25%,2026-01-15,2026-07-14,正常
12,兴业银行,国内信用证,CIB2025-LC-450,CNY,1500,1200,20%,2026-02-05,2026-08-04,正常
13,民生银行,国内信用证,CMBC2025-LC-55,CNY,1200,900,25%,2026-03-01,2026-08-31,正常
14,招商银行,国内信用证,CMB2025-LC-31,CNY,1000,700,30%,2026-03-10,2026-09-09,正常
15,中国银行,进口押汇,BOC2025-IM-12,USD,300,300,0%,2026-01-15,2026-07-14,正常
16,工商银行,进口信用证,ICBC2025-ILC-7,USD,200,200,10%,2026-02-20,2026-08-19,正常
17,浦发银行,银行承兑汇票,SPDB2025-BA-91,CNY,600,600,0%,2026-02-01,2026-07-31,正常
18,华信银行,流动资金贷款,HX2025-LD-001,CNY,6000,6000,0%,2025-08-15,2026-08-14,正常
19,工商银行,流动资金贷款,ICBC2025-0312,CNY,5000,5000,0%,2025-09-01,2026-08-31,正常
20,农业银行,流动资金贷款,ABC2025-2201,CNY,2500,1500,0%,2025-09-20,2026-09-19,正常
21,中国银行,银行承兑汇票,BOC2025-BA-2210,CNY,2500,2000,20%,2026-01-10,2026-07-09,正常
22,浦发银行,银行承兑汇票,SPDB2025-BA-77,CNY,1600,1200,25%,2026-02-15,2026-08-14,正常
23,华信银行,银行承兑汇票,HX2024-BA-556,CNY,3000,0,30%,2024-09-10,2025-03-09,已结清
24,工商银行,国内信用证,ICBC2024-LC-99,CNY,2000,0,20%,2024-11-05,2025-05-04,已结清
25,建设银行,流动资金贷款,CCB2024-LD-441,CNY,3000,0,0%,2024-08-01,2025-07-31,已结清
26,招商银行,银行承兑汇票,CMB2024-BA-212,CNY,2500,0,10%,2024-10-12,2025-04-11,已结清
27,中国银行,流动资金贷款,BOC2024-LD-808,CNY,4000,0,0%,2024-07-15,2025-07-14,已结清
28,民生银行,国内信用证,CMBC2024-LC-88,CNY,1800,0,20%,2024-12-01,2025-05-31,已结清
29,兴业银行,流动资金贷款,CIB2024-LD-701,CNY,2000,0,0%,2024-05-10,2025-05-09,已到期
30,浦发银行,流动资金贷款,SPDB2024-LD-303,CNY,3000,0,0%,2024-06-01,2025-05-31,已到期
31,农业银行,流动资金贷款,ABC2024-LD-777,CNY,3000,0,0%,2024-09-01,2025-08-31,已到期
32,华信银行,国内信用证,HX2025-LC-889,CNY,2000,1200,20%,2025-12-05,2026-06-04,
33,农业银行,银行承兑汇票,ABC2025-BA-99,CNY,3500,3100,5%,2025-10-01,2026-03-31,
