2024E_growth \ EV/Revenue,4.0x,4.3x,4.5x,4.8x,5.0x
18%,30.49,32.22,33.38,35.11,36.27
20%,30.88,32.65,33.82,35.58,36.76
22%,31.27,33.07,34.26*,36.05,37.25
24%,31.67,33.49,34.70,36.52,37.74
26%,32.06,33.91,35.14,36.99,38.23

* = base case: 22% (CP-06) × 4.5x (CP-07 midpoint)
"每格算式: (804.029 × (1+g) × m + 1,213.122) ÷ 143.716563 × (1 − 12.5%)"

band,multiple,value_usd_per_share,note
Low,4.0x,31.27,委员会支持区间下限 (折后)
Mid,4.5x,34.26,midpoint (折后)
High,5.0x,37.25,委员会支持区间上限 (折后)
Proposed,4.46x implied,34.00,"拟议价; 位于支持区间内, 距 midpoint -0.26"
