Source_ID,Document,As-of,Fact,URL,Priority,Use
SEC-01,Reddit S-1/A (preliminary prospectus),2024-03-11,2022/2023 financials; cash; marketable securities; management non-GAAP metrics,https://www.sec.gov/Archives/edgar/data/1713445/000162828024010137/reddit-sx1a1.htm,1,Historical financials / QoE
SEC-02,Reddit S-1/A (preliminary prospectus),2024-03-11,Preliminary NTBV and dilution cross-check at assumed $32.50,https://www.sec.gov/Archives/edgar/data/1713445/000162828024010137/reddit-sx1a1.htm,1,Dilution cross-check
SEC-03,Reddit S-1/A / preliminary prospectus,2024-03-11,15.276527m primary; 6.723473m secondary; 3.3m over-allotment option; public price range $31-$34,https://www.sec.gov/Archives/edgar/data/1713445/000162828024010137/reddit-sx1a1.htm,1,Offering mechanics
SEC-04,Reddit S-1/A Amendment No. 2,2024-03-15,Latest pre-cutoff filing available to committee,https://www.sec.gov/Archives/edgar/data/1713445/000162828024011448/reddit-sx1a2.htm,1,Cut-off validation
SEC-05,Reddit S-1/A Amendment No. 2,2024-03-15,Revenue by geography (US / International),https://www.sec.gov/Archives/edgar/data/1713445/000162828024011448/reddit-sx1a2.htm,1,Revenue cross-check
SEC-09,Reddit S-1/A (preliminary prospectus),2024-03-11,Capitalization table at filing,https://www.sec.gov/Archives/edgar/data/1713445/000162828024010137/reddit-sx1a1.htm,1,Cap table
SEC-10,Reddit S-1/A (preliminary prospectus),2024-03-11,Underwriting agreement summary: over-allotment option; fee basis,https://www.sec.gov/Archives/edgar/data/1713445/000162828024010137/reddit-sx1a1.htm,1,Fee basis
INT-01,Management flash (IR working draft),2024-03-19,Unreviewed management flash — superseded by SEC-01,internal,9,REFERENCE ONLY — do not use for conclusions
INT-02,Legacy workpaper Candidate_Model v0,2024-03-18,Prior-round working draft,internal,9,OBJECT OF REVIEW
BANK-A,Underwriter A comparable company analysis,2024-03-15,Underwriter's own comp set,internal,8,Cross-check only (CP-07)
BANK-B,Underwriter B comparable company analysis,2024-03-18,Underwriter's own comp set,internal,8,Cross-check only (CP-07)
