证券代码,证券简称,上市日期,2025归母净利润_万元,2025营业收入_万元,2025EBITDA_万元,20260630总市值_万元,PE_TTM,PS_TTM,EV_EBITDA,UnleveredBeta,上市板块,所属行业
300001.SZ,精工精密,2019-04-11,42100,452000,78600,672000,15.96,1.49,8.55,0.92,创业板,精密制造
300002.SZ,富临结构,2020-07-23,22800,231000,41500,372000,16.32,1.61,8.96,0.98,创业板,精密制造
300003.SZ,东兴模组,2017-11-30,31500,288000,55200,498000,15.81,1.73,9.02,0.95,创业板,精密制造
300004.SZ,华威精工,2021-09-15,18600,197000,34200,291000,15.65,1.48,8.51,0.89,创业板,精密制造
300005.SZ,润泽科技,2016-03-08,56300,610000,102000,929000,16.50,1.52,9.11,1.02,创业板,精密制造
300006.SZ,安捷制造,2022-06-20,12900,143000,24800,205000,15.89,1.43,8.27,0.94,创业板,精密制造
300007.SZ,明泰材料,2018-12-05,38400,336000,61600,610000,15.89,1.82,9.90,0.97,创业板,精密制造
300008.SZ,正泰结构,2020-03-27,27400,259000,46900,443000,16.17,1.71,9.45,0.93,创业板,精密制造
300009.SZ,晶合智造,2019-10-18,45700,398000,72800,741000,16.21,1.86,10.18,1.05,创业板,精密制造
300010.SZ,天元精密,2021-12-09,16300,158000,28600,262000,16.07,1.66,9.16,0.91,创业板,精密制造
300014.SZ,远景精工,2018-06-30,29600,302000,53400,488000,16.49,1.62,9.14,0.99,创业板,精密制造
300015.SZ,中和智造,2017-02-22,35100,366000,63200,588000,16.75,1.61,9.30,1.00,创业板,精密制造
