metric,adopted_value,adopted_source,competing_value_source,disposition_rationale
FY2023 Revenue,804.029 USD mm,SEC-01(P1)；清洗后月度/季度/分部/地区加总一致,INT-01 flash 806.2(P9),CP-02：采用 P1 审计数；flash 未过审仅参考
FY2022 Revenue,666.701 USD mm,SEC-01(P1)；月度去重后加总一致,—,CP-02
FY2023 Net income (loss),-90.824 USD mm,SEC-01(P1)；利润表勾稽一致,—,CP-02
FY2023 Management Adj. EBITDA,-69.275 USD mm,SEC-01(P1),INT-01 flash -66.1(P9),CP-02：采用 P1；non-GAAP 不在审计范围(SEC-14)
FY2023 SBC & related taxes,49.086 USD mm,SEC-01(P1)；sbc_detail 组件加总一致,sbc_detail TOTAL 行 49.68（重算错误）；INT-01 flash 47.3(P9),以与年度数勾稽一致的明细组件为准；CP-03 不保留加回
FY2023 Restructuring,8.098 USD mm,SEC-01(P1)；明细/TOTAL 一致,—,CP-04：不二次加回
FY2023 FCF,-84.838 USD mm,SEC-01(P1)；fcf_bridge 一致,INT-01 flash -82.4(P9),CP-02
YE2023 Cash,401.176 USD mm,SEC-01(P1)；现金流量表期末一致,—,CP-08 入桥
YE2023 Marketable securities,811.946 USD mm,SEC-01(P1),—,CP-08：可变现金融资产全额入桥（SEC-07）
2023-12 月收入,68.979 USD mm,SEC-01(P1),INT-01 66.5(P9),CP-02 优先级择值；committee email 确认审计版为准
2024E revenue growth,22%,Committee_Policy_v3 CP-06 / Underwriting_Assumptions（UW-01，内部假设）,sector_benchmark 行业中位 18%（背景参考）,内部委员会假设，非 SEC 公开事实；行业基准不改变委员会口径
Peer EV/NTM Revenue 区间,4.0x / 4.5x / 5.0x,CP-07 / Committee_Peer_Set（UW-01）,BANK-A comps 4.0–5.0(P8，与委员会一致)；BANK-B screen 4.2–5.1(P8)；v2 旧区间 3.5x–5.5x（作废）；sector 4.4x（背景）,CP-02/CP-07：承销商 comps 仅交叉验证，不改区间端点
IPO execution discount,12.5%,CP-09 / Underwriting_Assumptions（UW-01，内部假设）,v2 暂定 10%（作废）；ipo_market_update 明确不引用市场折让,作用于 peer-implied equity value/share
Pre-money economic shares,143.716563 mm,Offering_Terms（UW-01）= cap_table_snapshot 加总 = SEC-09 组件加总,SEC-16 registered 141.2mm（excl. unsettled RSUs，口径不同；6.2mm 构成差异待核实）,经济口径为定价分母；registered 口径仅交叉参考
Primary / Secondary / Greenshoe,15.276527 / 6.723473 / 3.3 mm,SEC-03(P1) = Offering_Terms,legacy 全部按 primary 22.0mm 处理（错误）,CP-10/11
Proposed price $34,34.00 USD/share,Offering_Terms（UW-01）——内部工作价/决策输入，非已实现结果,SEC-03 公开询价区间 31–34（$34 为区间上限）,CP-01：不得用 3/20 后结果反推
承销费/固定费用,5% primary gross + $7.0mm 固定,CP-12 / Underwriting_Terms（UW-01）；SEC-10 费基=primary,v2：按全部发行股份计提（作废）,greenshoe 增量只扣 5%，固定费用不重复
NTBV/share & immediate dilution,$11.17 / $21.33（假定价 $32.50）,SEC-02(P1) 独立口径,—,仅稀释交叉验算；不用于定价，不能替代委员会 peer-implied 估值
政策版本,Committee_Policy_v3_20240320.xlsx,v3 Revision_Note + data_revision_log + ECM 邮件（v3 controlling）,v2_20240305（被取代）,v2 CP-03/07/09/12 条款不再适用
