项目,2023年,2024年,2025年,2026年1-6月
货币资金,9600,10800,12300,13500
应收票据,1400,1600,1800,1900
应收账款,36100,38500,40200,42000
预付账款,2300,2500,2700,2900
其他应收款,2000,2200,2400,2600
存货,31000,33000,34500,35800
流动资产合计,82400,88600,93900,98700
固定资产净额,17600,18500,19400,19100
在建工程,2500,2800,3200,3600
无形资产,4500,4400,4300,4200
其他非流动资产,1400,1300,1300,1200
非流动资产合计,26000,27000,28200,28100
资产总计,108400,115600,122100,126800
短期借款,14000,16000,18000,19500
应付票据,4500,5000,5500,6000
应付账款,14300,18800,20000,21000
预收账款,550,600,650,700
其他流动负债,1150,1600,1850,2000
流动负债合计,34500,42000,46000,49200
长期借款,5000,5000,5000,5000
负债合计,39500,47000,51000,54200
所有者权益合计,68900,68600,71100,72600
