fy,month,revenue_usd_mm,Source_ID
FY2022,2022-01,50.100,SEC-01
FY2022,2022-02,50.800,SEC-01
FY2022,2022-03,52.300,SEC-01
FY2022,2022-04,53.600,SEC-01
FY2022,2022-05,54.900,SEC-01
FY2022,2022-06,55.700,SEC-01
FY2022,2022-07,56.400,SEC-01
FY2022,2022-08,57.100,SEC-01
FY2022,2022-09,57.900,SEC-01
FY2022,2022-10,58.600,SEC-01
FY2022,2022-11,59.300,SEC-01
FY2022,2022-12,60.001,SEC-01
FY2022,2022-08,57.100,SEC-01
FY2023,2023-01,60.100,SEC-01
FY2023,2023-02,61.250,SEC-01
FY2023,2023-03,63.400,SEC-01
FY2023,2023-04,64.800,SEC-01
FY2023,2023-05,66.100,SEC-01
FY2023,2023-06,67.300,SEC-01
FY2023,2023-07,68.500,SEC-01
FY2023,2023-08,69.200,SEC-01
FY2023,2023-09,70.100,SEC-01
FY2023,2023-10,71.400,SEC-01
FY2023,2023-11,72.900,SEC-01
FY2023,2023-12,68.979,SEC-01
FY2023,2023-12,66.500,INT-01
