metric,selected_value,unit,selected_source_id,selected_source_file,source_type,competing_value,competing_source,disposition
Information cut-off,2024-03-20,date,SEC-04,sec_filings/SEC-04_s1a_a2_20240315_summary.md,SEC public fact,Post-cutoff results,Excluded,Use only information available before committee pricing on 2024-03-20
Controlling policy,v3,version,,committee/Committee_Policy_v3_20240320.xlsx,Internal committee policy,v2,committee/Committee_Policy_v2_20240305.xlsx,"v3 supersedes v2 for SBC, peer range, discount and fee basis"
2023 Revenue,804.029,USD mm,SEC-01,sec_filings/SEC-01_financials_extract.xlsx,SEC public fact,806.2,"internal/management_flash_20240319.csv (INT-01, Priority 9)",Use audited SEC-01; reject unreviewed flash
2023 Net income (loss),-90.824,USD mm,SEC-01,sec_filings/SEC-01_financials_extract.xlsx,SEC public fact,,,Use SEC-01
2023 Management Adjusted EBITDA,-69.275,USD mm,SEC-01,sec_filings/SEC-01_financials_extract.xlsx,SEC public non-GAAP fact,-66.1,"internal/management_flash_20240319.csv (INT-01, Priority 9)",Use SEC-01; metric is outside auditor opinion
2023 SBC & related taxes,49.086,USD mm,SEC-01,sec_filings/SEC-01_financials_extract.xlsx,SEC public fact,47.3,"internal/management_flash_20240319.csv (INT-01, Priority 9)",Use SEC-01 and verified detail; reject flash
2023 Restructuring costs,8.098,USD mm,SEC-01,financials/restructuring_detail_2023.csv,SEC public fact/detail,Possible second addback,legacy treatment risk,No second addback under CP-04
2023 Underwriting EBITDA,-118.361,USD mm,SEC-01,SEC-01 + committee/Committee_Policy_v3_20240320.xlsx,Calculated underwriting convention,-69.275,Legacy used management metric directly,Reverse SBC addback under CP-03
2023 Free Cash Flow,-84.838,USD mm,SEC-01,sec_filings/SEC-01_financials_extract.xlsx,SEC public non-GAAP fact,-82.4,"internal/management_flash_20240319.csv (INT-01, Priority 9)",Use SEC-01; independently ties to OCF plus capex
2023 Cash & cash equivalents,401.176,USD mm,SEC-01,sec_filings/SEC-01_financials_extract.xlsx,SEC public fact,,,Include in net cash bridge
2023 Marketable securities,811.946,USD mm,SEC-01,sec_filings/SEC-01_financials_extract.xlsx,SEC public fact,Excluded,legacy/Candidate_Model_v0.xlsx,Include in net cash bridge under CP-08
2024E Revenue growth,0.22,%,UW-01,committee/Underwriting_Assumptions_20240320.xlsx,Internal committee assumption,18% sector median,research/sector_benchmark.md,Use 22.0% CP-06; do not present as SEC fact
2024E Revenue,980.91538,USD mm,SEC-01,SEC-01 revenue × committee CP-06 growth,Calculated using public fact + internal assumption,804.029,legacy used 2023A denominator,Use forward revenue
Peer Low / Mid / High,4.0x / 4.5x / 5.0x,x,UW-01,committee/Committee_Policy_v3_20240320.xlsx,Internal committee assumption,A 4.0-5.0x; B 4.2-5.1x,"comps files, Priority 8",Use committee range under CP-07; banks are cross-check only
Execution discount,0.125,%,UW-01,committee/Underwriting_Assumptions_20240320.xlsx,Internal committee assumption,10%,superseded Committee Policy v2,Use 12.5%; apply to implied equity value/share
Pre-money economic shares,143.716563,mm shares,SEC-09,committee/cap_table_snapshot_20240318.csv,Internal committee snapshot using SEC-09 components,141.2,sec_filings/SEC-16_share_count_history.csv,Use economic snapshot; registered count excludes unsettled RSUs
Proposed price,34.0,USD/share,,committee/Offering_Terms_20240320.xlsx,Internal committee assumption,31-34,SEC-03 preliminary filing range,"Decision input, not actual final price"
Base primary shares,15.276527,mm shares,SEC-03,sec_filings/SEC-03_offering_terms.xlsx,SEC public fact,22.0,legacy treated all base shares as primary,Use SEC-03 primary amount
Base secondary shares,6.723473,mm shares,SEC-03,sec_filings/SEC-03_offering_terms.xlsx,SEC public fact,Included in company proceeds/share count,legacy/Candidate_Model_v0.xlsx,No company proceeds and no new company shares
Greenshoe,3.3,mm shares,SEC-03,sec_filings/SEC-03_offering_terms.xlsx,SEC public fact,Included in Base,legacy/Candidate_Model_v0.xlsx,Exclude from Base; show full-exercise separately
Underwriting fee rate / basis,0.05,% of primary gross,SEC-10,committee/Offering_Terms_20240320.xlsx; sec_filings/SEC-10_underwriting_agreement_summary.md,SEC mechanism + internal rate assumption,% of primary + secondary,superseded Committee Policy v2 / legacy,Apply to company primary gross only
Fixed company expenses,7.0,USD mm,,committee/Offering_Terms_20240320.xlsx,Internal committee assumption,Repeated on greenshoe,legacy risk,Charge once in each total scenario; no repeat on increment
SEC NTBV/share cross-check,11.17,USD/share,SEC-02,sec_filings/SEC-02_dilution_crosscheck.xlsx,SEC public fact at assumed price,Not comparable directly to $34.00,Assumed price differs,Use only as independent arithmetic/methodology boundary
SEC immediate dilution cross-check,21.33,USD/share,SEC-02,sec_filings/SEC-02_dilution_crosscheck.xlsx,SEC public fact at assumed price,Not comparable directly to $34.00,Assumed price differs,11.17 + 21.33 = 32.50; do not transplant to $34.00
Committee supported range,31.27-37.25,USD/share,,Calculated from SEC-01 and committee policy v3,Calculated conclusion,31-34,SEC-03 preliminary filing range,Committee range is valuation output; SEC range is execution cross-check
Recommendation,Proceed,text,,committee/Committee_Policy_v3_20240320.xlsx,Calculated policy disposition,Legacy above $34.00,legacy/Candidate_Model_v0.xlsx,Apply CP-14/CP-15 after correcting hard errors
