file,records,start,end,possible_truncation,source
snapshot_000300SH_seg1.csv,1215,2018-01-02,2022-12-30,,wind_snapshot_20260915
snapshot_000300SH_seg2.csv,899,2023-01-03,2026-09-15,,wind_snapshot_20260915
snapshot_000905SH_seg1.csv,1215,2018-01-02,2022-12-30,,wind_snapshot_20260915
snapshot_000905SH_seg2.csv,899,2023-01-03,2026-09-15,,wind_snapshot_20260915
snapshot_399006SZ_seg1.csv,1215,2018-01-02,2022-12-30,,wind_snapshot_20260915
snapshot_399006SZ_seg2.csv,898,2023-01-03,2026-09-15,,wind_snapshot_20260915
snapshot_cgb_yield_1y.csv,2106,2018-01-02,2026-06-09,,wind_snapshot_20260915
snapshot_cgb_yield_2y.csv,2106,2018-01-02,2026-06-09,,wind_snapshot_20260915
snapshot_cgb_yield_5y.csv,2106,2018-01-02,2026-06-09,,wind_snapshot_20260915
snapshot_cgb_yield_10y.csv,2106,2018-01-02,2026-06-09,,wind_snapshot_20260915
snapshot_cgb_yield_30y.csv,2106,2018-01-02,2026-06-09,,wind_snapshot_20260915
snapshot_usdcnh_seg1.csv,1176,2018-01-02,2022-09-16,,wind_snapshot_20260915
snapshot_usdcnh_seg2.csv,998,2022-09-19,2026-09-15,,wind_snapshot_20260915
snapshot_spx.csv,2187,2018-01-02,2026-09-15,,wind_snapshot_20260915
snapshot_shibor_seg1.csv,1000,2018-09-03,2022-09-08,,wind_snapshot_20260915
snapshot_shibor_seg2.csv,1000,2022-09-09,2026-09-15,false,wind_snapshot_20260915
snapshot_lpr_1y.csv,489,2018-01-02,2026-07-20,,wind_snapshot_20260915
snapshot_lpr_5y.csv,491,2018-01-02,2026-08-20,,wind_snapshot_20260915
snapshot_pmi_manufacturing.csv,103,2018-02-01,2026-09-01,,wind_snapshot_20260915
snapshot_afre_stock.csv,99,2018-02-01,2026-04-01,,wind_snapshot_20260915
snapshot_dr007.csv,2000,2018-09-03,2026-09-15,,wind_snapshot_20260915
snapshot_ppi_yoy.csv,103,2018-02-01,2026-08-01,,wind_snapshot_20260915
snapshot_ust_10y.csv,2176,2018-01-02,2026-09-15,,wind_snapshot_20260915
snapshot_ust_m2.csv,1978,2018-10-16,2026-09-15,,wind_snapshot_20260915
snapshot_ust_m4.csv,6,2026-09-08,2026-09-15,,wind_snapshot_20260915
snapshot_trade_calendar.csv,2113,2018-01-02,2026-09-15,,wind_snapshot_20260915
