metric,classification,selected_value,unit,selected_source,competing_value_source,disposition
2023A Revenue,SEC 公开事实,804.029,USD mm,SEC-01_financials_extract.xlsx/Public_Financials; SEC-01,806.200 / management_flash_20240319.csv; INT-01,Priority 1 SEC-01；排除 Priority 9 未审核 flash
2023 Net loss,SEC 公开事实,-90.824,USD mm,SEC-01; Public_Financials,无,采用 SEC-01
Management Adjusted EBITDA,SEC 披露非GAAP事实,-69.275,USD mm,SEC-01; Public_Financials,-66.100 / INT-01,采用 SEC-01；非审计指标仅作桥起点
SBC and related taxes,SEC 公开事实,49.086,USD mm,SEC-01; Public_Financials,49.680 / sbc_detail TOTAL；47.300 / INT-01,组成项与 SEC-01 均为 49.086；排除错误总计及 flash
Underwriting EBITDA,内部承销口径计算,-118.361,USD mm,SEC-01 + Committee Policy v3 CP-03,-69.275 / legacy,撤回持续性 SBC 加回；restructuring 不重复处理
Free Cash Flow,SEC 公开事实,-84.838,USD mm,SEC-01,-82.400 / INT-01,采用 SEC-01；结果行不重复汇总
Year-end cash,SEC 公开事实,401.176,USD mm,SEC-01,无,采用 SEC-01
Marketable securities,SEC 公开事实,811.946,USD mm,SEC-01,legacy 漏计,CP-08 要求完整计入
2024E Revenue growth,内部委员会假设,22.0%,%,Committee Policy v3 CP-06,18% / sector_benchmark.md（背景）,采用委员会控制假设；内部委员会假设；委员会文件中的 UW-01 未列入主 Source_Index.csv，索引链接待核实
2024E Revenue,内部假设推导,980.915,USD mm,SEC-01 2023A × CP-06,legacy 使用 2023A,按 804.029×(1+22%) 计算
Peer multiple range,内部委员会假设,4.0x-5.0x; mid 4.5x,x,Committee Policy v3 CP-07,v2 3.5x-5.5x；BANK-B 4.2x-5.1x,v3 取代 v2；bank comps 仅交叉验证；内部委员会假设；委员会文件中的 UW-01 未列入主 Source_Index.csv，索引链接待核实
Execution discount,内部委员会假设,12.5%,%,Committee Policy v3 CP-09,v2 10%；legacy 0%,按 v3 应用于 peer-implied equity/share；内部委员会假设；委员会文件中的 UW-01 未列入主 Source_Index.csv，索引链接待核实
Pre-money economic shares,SEC 事实推导/委员会快照,143.716563,mm shares,SEC-09_capitalization.csv 各类别合计; SEC-09,141.200 / SEC-16 registered shares,采用 economic fully diluted；registered shares 口径不同
Proposed price,内部委员会假设,$34.00,USD/share,Offering_Terms_20240320.xlsx,公开申报区间 $31.00-$34.00; SEC-03,决策输入，非最终定价；内部委员会假设；委员会文件中的 UW-01 未列入主 Source_Index.csv，索引链接待核实
Primary / Secondary / Greenshoe,SEC 公开事实,15.276527 / 6.723473 / 3.300000,mm shares,SEC-03_offering_terms.xlsx; SEC-03,legacy 将 22.0 全部视为 primary 且并入 greenshoe,按 CP-10/11 重建；Base 排除 greenshoe
Underwriting fee / fixed expenses,内部委员会假设,5.0% / 7.000,% / USD mm,Committee Policy v3 CP-12,v2 按全部股份收费,仅对 primary gross；固定费用仅一次；内部委员会假设；委员会文件中的 UW-01 未列入主 Source_Index.csv，索引链接待核实
SEC dilution cross-check,SEC 公开事实,NTBV $11.17; dilution $21.33,USD/share,SEC-02_dilution_crosscheck.xlsx; SEC-02,无,仅适用于假定价格 $32.50，不外推至 $34
