step,bridge_item,amount_usd_mm,running_total_usd_mm,direction,basis_source,policy_clause,note
,Net income (loss) — GAAP 起点,-90.824,-90.824,start,SEC-01,—,审计年度数（Priority 1）
,+ SBC & related taxes（管理层加回）,49.086,-41.738,add(管理层),SEC-01,CP-03,管理层口径调整项
,+ Restructuring（管理层加回）,8.098,-33.64,add(管理层),SEC-01,CP-04,非经常性；已含于管理层调整
,+ Depreciation & amortization（管理层加回）,13.702,-19.938,add(管理层),SEC-01,—,管理层口径调整项
,+ 其他管理层调整残差（待核实）,-49.337,-69.275,residual,计算残差,—,摘录未逐项列明；标注待核实
,= Management Adjusted EBITDA（非GAAP）,-69.275,-69.275,subtotal,SEC-01,—,承销口径起点
,− SBC 加回剔除（承销口径不保留）,-49.086,-118.361,underwriting adj,CP-03,CP-03,SBC 视为持续性经济成本
,± Restructuring（不二次调整）,0.0,-118.361,no-op,CP-04,CP-04,禁止重复加回
,= Underwriting Adjusted EBITDA（承销口径）,-118.361,-118.361,subtotal,计算,CP-03/04,承销口径 EBITDA（仍为负）

附,Free Cash Flow FY2023,-84.838,,memo,SEC-01/fcf_bridge,CP-13,为负，须披露
附,Cash & equivalents,401.176,,memo,SEC-01,CP-08,净现金桥组成
附,Marketable securities,811.946,,memo,SEC-01,CP-08,净现金桥组成
附,净现金桥合计 (cash+MS),1213.122,,memo,SEC-01,CP-08,全额计入 pre-money equity
