metric,value_used,unit,adopted_source,adopted_priority,competing_value,competing_source,competing_priority,disposition
FY2023 Revenue,804.029,USD mm,SEC-01,1,806.2,INT-01 (mgmt flash),9,取 SEC-01；flash 未经审计仅参考
FY2023 Mgmt Adj EBITDA,-69.275,USD mm,SEC-01,1,-66.1,INT-01,9,取 SEC-01
FY2023 SBC & taxes,49.086,USD mm,SEC-01,1,47.3,INT-01,9,取 SEC-01
FY2023 FCF,-84.838,USD mm,SEC-01,1,-82.4,INT-01,9,取 SEC-01
2023-12 monthly revenue,68.979,USD mm,SEC-01 audited-final,1,66.5,INT-01 unaudited-preliminary,9,取审计版，剔除 preliminary 残留
2022-08 monthly revenue,57.1,USD mm,SEC-01 original,1,+57.1 duplicate,INT-02 duplicate-export,9,去重，剔除重复导出
Pre-money shares,143.716563,mm,UW-01 snapshot(SEC-09分项),1,141.2,SEC-09/SEC-16 registered,1,估值用 economic；registered 仅参考
Peer EV/Rev 区间,4.0x-5.0x,x,Committee peer set CP-07,1,BANK-A 4.0-5.0 / BANK-B 4.2-5.1,BANK-A/B,8,委员会 peer set 为准，comps 不改端点
执行折扣,0.125,%,CP-09 (UW-01),1,0.1,Committee_Policy_v2(作废),—,以 v3 为准
承销费基数,5% primary gross,—,CP-12/SEC-10,1,primary+secondary,v2(作废)/legacy,9,以 v3/SEC-10 为准
Primary shares(base),15.276527,mm,SEC-03,1,22.0 全视为primary,legacy INT-02,9,取 SEC-03
Secondary shares(base),6.723473,mm,SEC-03,1,计入公司募集,legacy INT-02,9,取 SEC-03；不形成公司募集
Greenshoe,3.3,mm,SEC-03/CP-11,1,计入 Base,legacy INT-02,9,Base 不含，单列 full-exercise
净现金桥,1213.122,USD mm,SEC-01 cash+MS/CP-08,1,仅 cash,legacy INT-02,9,全额计入 cash+MS
拟议价,34.0,USD/share,UW-01 内部工作价,1,$31-$34 公开区间,SEC-03,1,$34 为决策输入非已实现结果
NTBV/share 交叉验算,11.17,USD/share,SEC-02 @$32.50,1,—,—,—,仅交叉验算，不进入定价结论
immediate dilution 交叉验算,21.33,USD/share,SEC-02 @$32.50,1,—,—,—,仅交叉验算

# UW-01 说明,UW-01 未列入 sec_filings/Source_Index.csv，但由 legacy 工作簿索引定义为 'Committee_Policy + internal working assumptions'，对应 committee/ 下真实存在的内部假设文件（控制口径目录，00_README）；按 CP-02 作内部假设使用，不包装为公开事实。
