"# 每股价值敏感性矩阵 (USD/share)：行=2024E增长率, 列=EV/Revenue倍数；值=折后每股价值（已含12.5%执行折扣）"
"# BASE=Base case(22%,4.5x); LOW/MID/HIGH=委员会支持区间三档(4.0x/4.5x/5.0x @22%); OUT=控制区间外(仅压力测试)"
2024E_growth \ EV_Rev,3.50x,4.00x,4.50x,5.00x,5.50x,note
14%,26.9179,29.7082,32.4985,35.2887,38.079,
18%,27.6032,30.4914,33.3796,36.2678,39.156,
22%,28.2886,31.2747,34.2607,37.2468,40.2329,BASE growth (CP-06)
26%,28.9739,32.0579,35.1419,38.2259,41.3099,
30%,29.6592,32.8411,36.023,39.2049,42.3868,

# 三档区间标注 @ base growth 22%
Tier,EV/Rev,每股价值(USD),标记
Low,4.0x,31.2747,LOW / 支持区间下限
Mid,4.5x,34.2607,MID / BASE CASE / midpoint
High,5.0x,37.2468,HIGH / 支持区间上限

# 拟议价,34.0,距midpoint,0.2607,处置,Proceed
